DENOMINAZIONE,INDIRIZZO,COMUNE,LOCALITA,SITO WEB,_INDIRIZZO,Position,APERTO
PARCO ARCHEOLOGICO DELLA NECROPOLI DI FOSSA, Via della Stazione,Fossa (AQ) - 67020,San Lorenzo,www.comunedifossa.it,"Italia, Fossa (AQ) - 67020,  Via della Stazione","42.2985967,13.4913863",SI
ALBA FUCENS, ,Massa d'Albe (AQ) - 67050,Località Albe,http://www.archeoabruzzo.beniculturali.it,"Italia, Massa d'Albe (AQ) - 67050,  ","42.1119291,13.3892985",SI
AREA ARCHEOLOGICA AMITERNUM,Frazione S.Vittorino,L'Aquila (AQ) - 67010, ,http://www.archeoabruzzo.beniculturali.it,"Italia, L'Aquila (AQ) - 67010, Frazione S.Vittorino","42.396844,13.314667",SI
CASA NATALE DI GABRIELE D'ANNUNZIO,"Corso Manthonè,116",Pescara (PE) - 65127, ,http://www.casadannunzio.beniculturali.it/,"Italia, Pescara (PE) - 65127, Corso Manthonè,116","42.46105,14.21191",SI
CHIESA DI SAN BARTOLOMEO,A25 Uscita Torre de' Passeri,Carpineto della Nora (PE) - 65010, ,,"Italia, Carpineto della Nora (PE) - 65010, A25 Uscita Torre de' Passeri","42.3336973,13.8601416",SI
CHIESA DI SAN DOMENICO AL CORSO,Corso Marriccino,Chieti (CH) - 66100, ,,"Italia, Chieti (CH) - 66100, Corso Marriccino","42.3492176,14.1665915",SI
CHIESA DI SAN PIETRO,Alba Fucens,Massa d'Albe (AQ) - 67050, ,,"Italia, Massa d'Albe (AQ) - 67050, Alba Fucens","42.0799247,13.4095707",SI
CHIESA SAN PIETRO AD ORATORIUM,Località Bivio Capodacqua incrocio con Colle S. Giacomo Capestrano,Capestrano (AQ) - 67022, ,,"Italia, Capestrano (AQ) - 67022, Località Bivio Capodacqua incrocio con Colle S. Giacomo Capestrano","42.2674591,13.7677484",SI
MUSÈ - NUOVO MUSEO PALUDI DI CELANO - CENTRO DI RESTAURO,località Paludi,Celano (AQ) - 67043, ,http://www.musepaludi.it/,"Italia, Celano (AQ) - 67043, località Paludi","42.08225119999999,13.5429874",Si
"MUSEO ARCHEOLOGICO \""LA CIVITELLA\","Via G.Pianell,1",Chieti (CH) - 66100, ,http://www.archeoabruzzo.beniculturali.it/lacivitella.html,"Italia, Chieti (CH) - 66100, Via G.Pianell,1","42.34496439999999,14.1619215",SI
MUSEO ARCHEOLOGICO NAZIONALE,P.zza S.Francesco,Campli (TE) - 64012, ,http://www.archeoabruzzo.beniculturali.it/campli1.html,"Italia, Campli (TE) - 64012, P.zza S.Francesco","42.7702282,13.6784593",SI
MUSEO ARCHEOLOGICO NAZIONALE D'ABRUZZO - VILLA FRIGERJ,"Via G.Costanzi, 3 - Villa Comunale",Chieti (CH) - 66100, ,http://www.archeoabruzzo.beniculturali.it/manda1.html,"Italia, Chieti (CH) - 66100, Via G.Costanzi, 3 - Villa Comunale","42.347886,14.1635845",SI
MUSEO D'ARTE SACRA DELLA MARSICA (CASTELLO PICCOLOMINI),Largo Cavalieri di Vittorio Veneto,Celano (AQ) - 67043, ,http://www.museodellamarsica.beniculturali.it,"Italia, Celano (AQ) - 67043, Largo Cavalieri di Vittorio Veneto","42.0845,13.5455",SI
PARCO ARCHEOLOGICO DI IUVANUM,Località Santa Maria del Palazzo,Montenerodomo (CH) - 66010, ,http://www.abruzzo.beniculturali.it/,"Italia, Montenerodomo (CH) - 66010, Località Santa Maria del Palazzo","42.3629059,14.1461114",SI
TAVERNA DUCALE,"Via Garibaldi, 13",Popoli (PE) - 65026, ,http://www.tavernaducalepopoli.beniculturali.it/,"Italia, Popoli (PE) - 65026, Via Garibaldi, 13","42.174397,13.83303",SI
TEATE - RESTI DELLA CITTA' ROMANA,via delle Terme Romane,Chieti (CH) - 66100,Fonte Grande,,"Italia, Chieti (CH) - 66100, via delle Terme Romane","42.3468323,14.1685436",SI
AREA ARCHEOLOGICA DI VENOSA, ,Venosa (PZ) - 85029,San Rocco,http://www.archoebasilicata.beniculturali.it,"Italia, Venosa (PZ) - 85029,  ","40.9607672,15.815423",SI
MUSEO ARCHEOLOGICO NAZIONALE,Piazza Castello - Castello Pirro del Balzo,Venosa (PZ) - 85029, ,http://www.archeobasilicata.beniculturali.it,"Italia, Venosa (PZ) - 85029, Piazza Castello - Castello Pirro del Balzo","40.9607672,15.815423",SI
"MUSEO ARCHEOLOGICO NAZIONALE DEL MELFESE \""MASSIMO PALLOTTINO\",Via Normanni - Castello Federiciano,Melfi (PZ) - 85025,Melfi,http://www.archeobasilicata.beniculturali.it,"Italia, Melfi (PZ) - 85025, Via Normanni - Castello Federiciano","40.9981189,15.6561712",SI
MUSEO ARCHEOLOGICO NAZIONALE DELL'ALTA VAL D'AGRI, ,Grumento Nova (PZ) - 85050,Contrada Spineta,http://www.archeobasilicata.beniculturali.it,"Italia, Grumento Nova (PZ) - 85050,  ","40.28745869999999,15.8905349",SI
"MUSEO ARCHEOLOGICO NAZIONALE DELLA BASILICATA \""DINU ADAMESTEANU\",Via Andrea Serrao - Palazzo Loffredo,Potenza (PZ) - 85100, ,http://www.archeobasilicata.beniculturali.it,"Italia, Potenza (PZ) - 85100, Via Andrea Serrao - Palazzo Loffredo","40.6399291,15.8063422",SI
MUSEO ARCHEOLOGICO NAZIONALE DI METAPONTO,Via Aristea,Bernalda (MT) - 75012,Metaponto borgo,http://www.archeobasilicata.beniculturali.it,"Italia, Bernalda (MT) - 75012, Via Aristea","40.3739853,16.808889",SI
MUSEO ARCHEOLOGICO NAZIONALE DI MURO LUCANO,VIA SEMINARIO,Muro Lucano (PZ) - 85054,C/O SEMINARIO,http://www.basilicata.beniculturali.it/,"Italia, Muro Lucano (PZ) - 85054, VIA SEMINARIO","40.7538072,15.4864913",SI
"MUSEO NAZIONALE \""DOMENICO RIDOLA\",Via Domenico Ridola,Matera (MT) - 75100, ,http://www.archeobasilicata.beniculturali.it,"Italia, Matera (MT) - 75100, Via Domenico Ridola","40.6631487,16.6099834",SI
MUSEO NAZIONALE D'ARTE MEDIEVALE E MODERNA DELLA BASILICATA,"Piazzetta Pascoli, 1 - Palazzo Lanfranchi",Matera (MT) - 75100,Matera,,"Italia, Matera (MT) - 75100, Piazzetta Pascoli, 1 - Palazzo Lanfranchi","40.6628671,16.6104766",SI
MUSEO NAZIONALE DELLA SIRITIDE,Via Colombo,Policoro (MT) - 75025, ,http://www.archeobasilicata.beniculturali.it,"Italia, Policoro (MT) - 75025, Via Colombo","40.22027200000001,16.6560363",SI
PARCO ARCHEOLOGICO DELL'AREA URBANA,Località Metaponto scavi - contrada Sansone,Bernalda (MT) - 75012,Località Metaponto scavi - contrada Sansone,http://www.archeobasilicata.beniculturali.it,"Italia, Bernalda (MT) - 75012, Località Metaponto scavi - contrada Sansone","40.370601,16.8136507",SI
PARCO ARCHEOLOGICO DI HERAKLEIA,Via Colombo,Policoro (MT) - 75025, ,http://www.archeobasilicata.beniculturali.it,"Italia, Policoro (MT) - 75025, Via Colombo","40.22027200000001,16.6560363",SI
TEATRO ROMANO, ,Grumento Nova (PZ) - 85050,Contrada Spineta,http://www.archeobasilicata.beniculturali.it,"Italia, Grumento Nova (PZ) - 85050,  ","40.28745869999999,15.8905349",SI
TEMPIO DELLE TAVOLE PALATINE, ,Bernalda (MT),Metaponto,,"Italia, Bernalda (MT),  ","40.4109811,16.6895946",SI
ANTIQUARIUM DI TORRE CIMALONGA,"Largo Cimalonga, 7",Scalea (CS) - 87029, ,,"Italia, Scalea (CS) - 87029, Largo Cimalonga, 7","39.8141152,15.7912677",SI
CHIESA DI SAN FRANCESCO D'ASSISI,Piazza delle Tre Chiese,Gerace (RC) - 89040, ,,"Italia, Gerace (RC) - 89040, Piazza delle Tre Chiese","38.2720214,16.2217871",SI
GALLERIA NAZIONALE DI COSENZA,Via Gian Vincenzo Gravina,Cosenza (CS) - 87100, ,http://www.articalabria.it,"Italia, Cosenza (CS) - 87100, Via Gian Vincenzo Gravina","39.29174709999999,16.2603954",SI
LA CATTOLICA,Via Cattolica,Stilo (RC) - 89049, ,,"Italia, Stilo (RC) - 89049, Via Cattolica","38.4801964,16.4690371",SI
MUSEO ARCHEOLOGICO NAZIONALE,Via Risorgimento,Crotone (KR) - 88074, ,,"Italia, Crotone (KR) - 88074, Via Risorgimento","39.0809135,17.1312324",SI
MUSEO ARCHEOLOGICO NAZIONALE,"Piazza De Nava, 26",Reggio di Calabria (RC) - 89100, ,http://www.archeocalabria.beniculturali.it/archeovirtualtour/index.html,"Italia, Reggio di Calabria (RC) - 89100, Piazza De Nava, 26","38.1143551,15.6515612",SI
MUSEO ARCHEOLOGICO NAZIONALE,Piazza Giovanni XXIII,Amendolara (CS) - 87071, ,,"Italia, Amendolara (CS) - 87071, Piazza Giovanni XXIII","39.951364,16.5830645",SI
"MUSEO ARCHEOLOGICO NAZIONALE \""VITO CAPIALBI\",Castello Normanno Svevo,Vibo Valentia (VV) - 89900, ,,"Italia, Vibo Valentia (VV) - 89900, Castello Normanno Svevo","38.6757774,16.0983488",SI
MUSEO ARCHEOLOGICO NAZIONALE DELLA SIBARITIDE,Frazione Sibari - Località Casa Bianca,Cassano all'Ionio (CS) - 87011, ,http://www.archeologia.beniculturali.it/index.php?it/99/approfondimenti-tematici/10/15/0,"Italia, Cassano all'Ionio (CS) - 87011, Frazione Sibari - Località Casa Bianca","39.7478528,16.4532199",SI
MUSEO E PARCO ARCHEOLOGICO NAZIONALE, ,Locri (RC) - 89044,Contrada Masarà,,"Italia, Locri (RC) - 89044,  ","38.2337193,16.2638009",SI
MUSEO E PARCO ARCHEOLOGICO NAZIONALE DI CAPO COLONNA,Via per Capo Colonna,Crotone (KR) - 88900, ,,"Italia, Crotone (KR) - 88900, Via per Capo Colonna","39.0807932,17.1271102",SI
MUSEO E PARCO ARCHEOLOGICO NAZIONALE DI SCOLACIUM,Via Scylletion,Borgia (CZ) - 88021, ,,"Italia, Borgia (CZ) - 88021, Via Scylletion","38.8105377,16.5956684",SI
MUSEO STATALE,Via Episcopio,Mileto (VV) - 89052, ,,"Italia, Mileto (VV) - 89052, Via Episcopio","38.6053412,16.0645918",SI
PARCO ARCHEOLOGICO DI SIBARI, ,Cassano all'Ionio (CS) - 87011,Sibari - Località Parco Del Cavallo - SS 106 bis Km,,"Italia, Cassano all'Ionio (CS) - 87011,  ","39.768614,16.3699271",SI
ANFITEATRO CAMPANO(circuito archeol. di S.M. Capua Vetere),Piazza I Ottobre 1860,Santa Maria Capua Vetere (CE) - 81055, ,http://www.archeosa.beniculturali.it/?center=sito&id_sito=49,"Italia, Santa Maria Capua Vetere (CE) - 81055, Piazza I Ottobre 1860","41.0820867,14.2541872",SI
MITREO E MUSEO DEI GLADIATORI(circuito archeol. di S.M. Capua Vetere),Vicolo Mitreo,Santa Maria Capua Vetere (CE) - 81055, ,http://archeona.beniculturali.it,"Italia, Santa Maria Capua Vetere (CE) - 81055, Vicolo Mitreo","41.080337,14.252129",SI su richiesta
ANFITEATRO FLAVIO,"Via Nicola Terracciano, 75",Pozzuoli (NA) - 80078, ,http://sba-na.campaniabeniculturali.it,"Italia, Pozzuoli (NA) - 80078, Via Nicola Terracciano, 75","40.82653639999999,14.1241533",SI
ANFITEATRO FLAVIO E TEMPIO DI SERAPIDE,Via Serapide,Pozzuoli (NA) - 800178, ,http://archeona.beniculturali.it,"Italia, Pozzuoli (NA) - 800178, Via Serapide","40.8263196,14.1198407",SI
ANTIQUARIUM  NAZIONALE DI BOSCOREALE,"Via Settetermini, 15",Boscoreale (NA) - 80041,Villa Regina,http://www.pompeiisites.org,"Italia, Boscoreale (NA) - 80041, Via Settetermini, 15","40.77042,14.47984",SI
ANTIQUARIUM DI ARIANO IRPINO,Via Donato Anzani,Ariano Irpino (AV) - 83031, ,http://www.archeosa.beniculturali.it,"Italia, Ariano Irpino (AV) - 83031, Via Donato Anzani","41.1532855,15.0924628",SI (su richiesta)
ANTIQUARIUM DI AVELLA,via Francesco De Sanctis,Avella (AV) - 83021, ,http://www.archeosa.beniculturali.it,"Italia, Avella (AV) - 83021, via Francesco De Sanctis","40.957985,14.5994488",SI
MUSEO CIVICO DI SUMMONTE - COMPLESSO CASTELLARE,Via Castello,Summonte (AV) - 83010, ,http://www.museincampania.it/,"Italia, Summonte (AV) - 83010, Via Castello","40.9587493,14.7742628",SI
APPARTAMENTO STORICO,"piazza Plebiscito, 1",Napoli (NA) - 80132, ,http://www.palazzorealenapoli.it,"Italia, Napoli (NA) - 80132, piazza Plebiscito, 1","40.8366208,14.2485261",SI
ARCO DI TRAIANO,Via del Pomerio; Via Port'Aurea,Benevento (BN), , http://www.archeosa.beniculturali.it/?center=sito&id_sito=15,"Italia, Benevento (BN), Via del Pomerio; Via Port'Aurea","41.13331669999999,14.7760357",SI
ARE ARCHEOLOGICA DEL TEATRO ELLENISTICO-ROMANO DI NOCERA SUPERIORE,loc. Pareti,Nocera Superiore (SA), ,,"Italia, Nocera Superiore (SA), loc. Pareti","40.7504385,14.6815063",SI
AREA ARCHEOLOGICA DEL SANTUARIO DI HERA ALLA FOCE DEL SELE,via,Capaccio (SA) - 84047, ,http://www.museopaestum.beniculturali.it/,"Italia, Capaccio (SA) - 84047, via","40.4564783,15.0119509",SI
AREA ARCHEOLOGICA DEL TEMPIO ITALICO DI CASALBORE, ,Casalbore (AV) - 83034,Macchia Porcara,http://www.archeosa.beniculturali.it,"Italia, Casalbore (AV) - 83034,  ","41.2329537,15.0061328",SI su richiesta
AREA ARCHEOLOGICA DELL'ANFITEATRO,Via dell'Anfiteatro,Avella (AV) - 83021, ,,"Italia, Avella (AV) - 83021, Via dell'Anfiteatro","40.957985,14.5994488",SI
AREA ARCHEOLOGICA DELLA NECROPOLI MONUMENTALE IN LOCALITÀ CASALE,Via Tombe romane,Avella (AV) - 83021,casale,,"Italia, Avella (AV) - 83021, Via Tombe romane","40.957985,14.5994488",SI
ANTIQUARIUM DI MERCOGLIANO,"Via Concezione, 24",Mercogliano (AV),,,"Italia, Mercogliano (AV), Via Concezione, 24","40.919232,14.733478",SI apertura su prenotazione tel. 0825689823 (Comune)
MUSEO ARCHEOLOGICO DI TAURASI,"via del Convento, 1",Taurasi (AV),,,"Italia, Taurasi (AV), via del Convento, 1","41.007395,14.958102",SI su prenotazione: Telefono: 082774004 (Comune) / 3336064386
AREA ARCHEOLOGICA DI CALES,,Calvi Risorta (CE) - 80142,Calvi Vecchia,,,,SI su richiesta contattando l’Ufficio per i Beni Archeologici di Calvi Risorta al tel. 0823.652533
AREA ARCHEOLOGICA DI CARMINIELLO AI MANNESI,Vico I Carminiello ai Mannesi,Napoli (NA) - 80138, ,http://sba-na.campaniabeniculturali.it,"Italia, Napoli (NA) - 80138, Vico I Carminiello ai Mannesi","40.8511219,14.2600801",SI
AREA ARCHEOLOGICA DI COMPSA,Conza in Campania,Conza della Campania (AV), , http://www.archeosa.beniculturali.it,"Italia, Conza della Campania (AV), Conza in Campania","40.8694499,15.3309111",SI apertura su prenotazione 3493583469 - 082739399 (Pro Loco “Compsa”) / 082739013 (Comune)
VILLA ROMANA E ANTIQUARIUM DI MINORI,"Via Capo di Piazza, 28",Minori (SA) - 84010, ,http://www.archeosa.beniculturali.it/?center=sito&id_sito=58,"Italia, Minori (SA) - 84010, Via Capo di Piazza, 28","40.650038,14.626561",SI
AREA ARCHEOLOGICA DI PAESTUM,Via Magna Grecia,Capaccio (SA), ,http://www.museopaestum.beniculturali.it,"Italia, Capaccio (SA), Via Magna Grecia","40.4364517,15.00753",SI
PARCO ARCHEOLOGICO URBANO DELL’ANTICA VOLCEI,Centro storico di Buccino,Buccino (SA), ,http://www.archeosa.beniculturali.it/?center=sito&id_sito=10,"Italia, Buccino (SA), Centro storico di Buccino","40.6328548,15.3812792",SI
CASTEL SANT'ELMO,"via Tito Angelini, 22",Napoli (NA) - 80129, ,http://www.polomusealenapoli.beniculturali.it,"Italia, Napoli (NA) - 80129, via Tito Angelini, 22","40.844365,14.2399931",SI
CASTELLO DI MONTESARCHIO,via Castello,Montesarchio (BN) - 82016, ,http://www.cir.campania.beniculturali.it,"Italia, Montesarchio (BN) - 82016, via Castello","41.06741450000001,14.641584",SI
CERTOSA DI SAN GIACOMO,via Certosa,Capri (NA) - 80073, ,http://www.polomusealenapoli.beniculturali.it,"Italia, Capri (NA) - 80073, via Certosa","40.5486089,14.2453197",SI
CERTOSA DI SAN LORENZO,viale Certosa,Padula (SA) - 84034, ,,"Italia, Padula (SA) - 84034, viale Certosa","40.33646660000001,15.6537405",SI
CERTOSA DI SAN MARTINO,"largo San Martino, 5",Napoli (NA) - 80129, ,,"Italia, Napoli (NA) - 80129, largo San Martino, 5","40.8440197,14.2405965",SI
COMPLESSO TERMALE DI VIA TERRACINA,Via Terracina,Napoli (NA) - 80125, , ,"Italia, Napoli (NA) - 80125, Via Terracina","40.8296624,14.1879114",SI
CRYPTA NEAPOLITANA,Salita della grotta,Napoli (NA), ,,"Italia, Napoli (NA), Salita della grotta","40.8304917,14.2181521",SI
GROTTA AZZURRA,Accesso dal mare,Anacapri (NA) - 80073, ,http://www.archeona.beniculturali.it,"Italia, Anacapri (NA) - 80073, Accesso dal mare","40.5528381,14.2138141",SI
GROTTA DELLA DRAGONARA,Via Dragonara,Bacoli (NA) - 80070,Miseno, ,"Italia, Bacoli (NA) - 80070, Via Dragonara","40.78584559999999,14.0843104",SI
PARCO ARCHEOLOGICO DI ELEA-VELIA,Contrada Piana di Velia,Ascea (SA) - 84046, ,http://www.archeosa.beniculturali.it/?center=sito&id_sito=3,"Italia, Ascea (SA) - 84046, Contrada Piana di Velia","40.1409109,15.1833617",SI
MITREO,Vicolo Mitreo,Santa Maria Capua Vetere (CE) - 81055, , ,"Italia, Santa Maria Capua Vetere (CE) - 81055, Vicolo Mitreo","41.080337,14.252129",SI
MUSEO ARCHEOLOGICO DEI CAMPI FLEGREI,"Via Castello, 39",Bacoli (NA) - 80070,Baia,http://www.archeona.beniculturali.it,"Italia, Bacoli (NA) - 80070, Via Castello, 39","40.8113438,14.0772186",SI
MUSEO ARCHEOLOGICO DELL'AGRO ATELLANO,"Via Roma, 5",Succivo (CE) - 81030, ,http://www.archeosa.beniculturali.it/?center=sito&id_sito=55,"Italia, Succivo (CE) - 81030, Via Roma, 5","40.9657339,14.2537414",SI
MUSEO ARCHEOLOGICO DELL'ANTICA ALLIFAE,Piazza XIX Ottobre,Alife (CE) - 81011, ,http://www.archeosa.beniculturali.it/?center=sito&id_sito=53,"Italia, Alife (CE) - 81011, Piazza XIX Ottobre","41.3274024,14.3336256",SI
MUSEO ARCHEOLOGICO DELL'ANTICA CAPUA,"Via Roberto d'Angiò, 48",Santa Maria Capua Vetere (CE) - 81055, ,http://www.archeosa.beniculturali.it/?center=sito&id_sito=45,"Italia, Santa Maria Capua Vetere (CE) - 81055, Via Roberto d'Angiò, 48","41.0805809,14.2534157",SI
MUSEO ARCHEOLOGICO DI ATENA LUCANA,via S. Maria,Atena Lucana (SA), ,,"Italia, Atena Lucana (SA), via S. Maria","40.4554902,15.5498003",SI su richiesta Telefono 0975.76001
MUSEO ARCHEOLOGICO DI TEANUM SIDICINUM,"Via Nicola Gigli, 23",Teano (CE) - 81057, ,http://www.archeosa.beniculturali.it/?center=sito&id_sito=46,"Italia, Teano (CE) - 81057, Via Nicola Gigli, 23","41.251796,14.06806",SI
"MUSEO ARCHEOLOGICO NAZIONALE \""M. GIGANTE\"" DI VOLCEI",Piazza Municipio,Buccino (SA) - 84021, ,http://www.volcei.net,"Italia, Buccino (SA) - 84021, Piazza Municipio","40.6324536,15.3708058",SI
MUSEO ARCHEOLOGICO NAZIONALE DEL SANNIO CAUDINO,via Castello,Montesarchio (BN) - 82016, ,http://www.archeosa.beniculturali.it/?center=sito&id_sito=42,"Italia, Montesarchio (BN) - 82016, via Castello","41.06741450000001,14.641584",SI
MUSEO ARCHEOLOGICO NAZIONALE DELLA VALLE DEL SARNO,Via Cavour 9,Sarno (SA) - 84087, ,http://www.archeosa.beniculturali.it/?center=sito&id_sito=48,"Italia, Sarno (SA) - 84087, Via Cavour 9","40.8123406,14.6217462",SI
MUSEO ARCHEOLOGICO NAZIONALE DI EBOLI E DELLA MEDIA VALLE DEL SELE,"Piazza San Francesco, 1",Eboli (SA) - 84025, Convento San Francesco,http://www.archeosa.beniculturali.it/?center=sito&id_sito=25,"Italia, Eboli (SA) - 84025, Piazza San Francesco, 1","40.6191494,15.0561875",SI
MUSEO ARCHEOLOGICO NAZIONALE DI NAPOLI,Piazza Museo Nazionale,Napoli (NA) - 80135, ,http://museoarcheologiconazionale.campaniabeniculturali.it/,"Italia, Napoli (NA) - 80135, Piazza Museo Nazionale","40.8531762,14.2503735",SI
MUSEO ARCHEOLOGICO NAZIONALE DI PAESTUM,Via Magna Grecia,Capaccio (SA) - 84047,Paestum,http://www.museopaestum.beniculturali.it,"Italia, Capaccio (SA) - 84047, Via Magna Grecia","40.4364517,15.00753",SI
"MUSEO ARCHEOLOGICO TERRITORIALE DELLA PENISOLA SORRENTINA \""GEORGES VALLET\",Via Ripa di Cassano,Piano di Sorrento (NA) - 80067, ,http://www.archeona.beniculturali.it,"Italia, Piano di Sorrento (NA) - 80067, Via Ripa di Cassano","40.6371085,14.4021606",SI
MUSEO DEI GLADIATORI,Piazza I Ottobre,Santa Maria Capua Vetere (CE) - 81055, , ,"Italia, Santa Maria Capua Vetere (CE) - 81055, Piazza I Ottobre","41.0820867,14.2541872",SI
"MUSEO DEL NOVECENTO, Castel Sant’Elmo","via Tito Angelini, 22",Napoli (NA) - 80129, ,http://www.polomusealenapoli.beniculturali.it,"Italia, Napoli (NA) - 80129, via Tito Angelini, 22","40.844365,14.2399931",SI
MUSEO DEL PALAZZO DELLA DOGANA DEI GRANI,Piazza Umberto,Atripalda (AV) - 83043, ,,"Italia, Atripalda (AV) - 83043, Piazza Umberto","40.9203603,14.8328639",SI
MUSEO DELL'OPERA E DEL TERRITORIO - REGGIA DI CASERTA,Viale Dohuet,Caserta (CE), ,http://www.reggiadicaserta.beniculturali.it,"Italia, Caserta (CE), Viale Dohuet","41.0724327,14.3226129",SI
MUSEO DELLA CERAMICA DUCA DI MARTINA,"via Cimarosa, 77 / via Aniello Falcone, 171",Napoli (NA) - 80127, ,http://www.polomusealenapoli.beniculturali.it,"Italia, Napoli (NA) - 80127, via Cimarosa, 77 / via Aniello Falcone, 171","40.84256999999999,14.22924",SI
MUSEO DI CAPODIMONTE,via Miano 2,Napoli (NA) - 80131, ,http://www.polomusealenapoli.beniculturali.it,"Italia, Napoli (NA) - 80131, via Miano 2","40.86699,14.24907",SI
MUSEO DI SAN FRANCESCO A FOLLONI,via S. Francesco,Montella (AV) - 83043,Folloni di Montella,http://www.complessosanfrancescoafolloni.beniculturali.it/,"Italia, Montella (AV) - 83043, via S. Francesco","40.842898,15.0331823",SI
MUSEO ARCHEOLOGICO DELL’ANTICA CALATIA,Casino dei Duchi Carafa - Via Caudina 353,Maddaloni (CE),,http://www.archeosa.beniculturali.it/?center=sito&id_sito=54,"Italia, Maddaloni (CE), Casino dei Duchi Carafa - Via Caudina 353","41.0367027,14.3812391",SI
MUSEO DI SAN MARTINO,"largo San Martino, 5",Napoli (NA) - 80129, ,http://www.polomusealenapoli.beniculturali.it,"Italia, Napoli (NA) - 80129, largo San Martino, 5","40.8440197,14.2405965",SI
MUSEO DIEGO ARAGONA PIGNATELLI CORTES,"Riviera di Chiaia, 200",Napoli (NA) - 80121, ,http://www.polomusealenapoli.beniculturali.it,"Italia, Napoli (NA) - 80121, Riviera di Chiaia, 200","40.83363,14.23249",SI
MUSEO DIOCESANO DI SALERNO,"Largo Plebiscito, 10",Salerno (SA) - 84125, ,http://www.beniculturali.it,"Italia, Salerno (SA) - 84125, Largo Plebiscito, 10","40.6808665,14.7605218",SI
MUSEO STORICO ARCHEOLOGICO DI NOLA,"Via Senatore Cocozza, 2",Nola (NA) - 80035, ,http://sbanap.campaniabeniculturali.it,"Italia, Nola (NA) - 80035, Via Senatore Cocozza, 2","40.92533299999999,14.530222",SI
NECROPOLI MONUMENTALE ROMANA DI NOCERA SUPERIORE,Loc. Pizzone,Nocera Superiore (SA), , ,"Italia, Nocera Superiore (SA), Loc. Pizzone","40.7504385,14.6815063",SI
PALAZZO REALE DI NAPOLI,Piazza del Plebiscito,Napoli (NA) - 80132, ,http://www.sbapsae.na.it/,"Italia, Napoli (NA) - 80132, Piazza del Plebiscito","40.8363126,14.2478559",SI
PALEOLAB,,Pietraroja (BN),loc. Civita di pietraroja,http://www.archeosa.beniculturali.it/?center=sito&id_sito=14,,,SI
PARCO ARCHEOLOGICO DELL'ANTICA AECLANUM,Via Nazionale delle Puglie,Mirabella Eclano (AV) - 83036,loc. Passo,http://www.archeosa.beniculturali.it/?center=sito&id_sito=32,"Italia, Mirabella Eclano (AV) - 83036, Via Nazionale delle Puglie","41.0432362,14.9967425",SI
PARCO ARCHEOLOGICO DI BAIA,"Via Sella di Baia, 22",Bacoli (NA) - 80070,Baia,http://www.archeona.beniculturali.it,"Italia, Bacoli (NA) - 80070, Via Sella di Baia, 22","40.8181755,14.0690343",SI
PARCO ARCHEOLOGICO DI CUMA,Via Monte di Cuma,Pozzuoli (NA) - 80078,Cuma,http://www.archeona.beniculturali.it,"Italia, Pozzuoli (NA) - 80078, Via Monte di Cuma","40.83538799999999,14.0981115",SI
PARCO ARCHEOLOGICO DI LITERNUM,Via Circumvallazione esterna,Giugliano in Campania (NA) - 80014,Lago Patria,http://sba-na.campaniabeniculturali.it,"Italia, Giugliano in Campania (NA) - 80014, Via Circumvallazione esterna","40.9317739,14.1046579",SI
PARCO ARCHEOLOGICO URBANO DELL'ANTICA PICENTIA,Via Stadio,Pontecagnano Faiano (SA), , http://www.archeosa.beniculturali.it/?center=sito&id_sito=6,"Italia, Pontecagnano Faiano (SA), Via Stadio","40.643444,14.884121",SI
PARCO DELLA REGGIA DI CASERTA,"via Douhet, 2a",Caserta (CE) - 81100, ,http://www.reggiadicaserta.beniculturali.it/,"Italia, Caserta (CE) - 81100, via Douhet, 2a","41.07258239999999,14.3193228",SI
PARCO DI CAPODIMONTE,"Via Miano, 4",Napoli (NA) - 80145, ,http://www.boscodicapodimonte.it,"Italia, Napoli (NA) - 80145, Via Miano, 4","40.868106,14.2495078",SI
PARCO E TOMBA DI VIRGILIO,"Salita della grotta, 20",Napoli (NA) - 80121, ,http://cir.campania.beniculturali.it/tombavirgilio/,"Italia, Napoli (NA) - 80121, Salita della grotta, 20","40.8304249,14.2180714",SI
PARCO SOMMERSO DI BAIA,Piazza Alcide De Gasperi (centro visite),Bacoli (NA) - 80070,Baia (porto),http://sba-na.campaniabeniculturali.it,"Italia, Bacoli (NA) - 80070, Piazza Alcide De Gasperi (centro visite)","40.7948004,14.0685261",SI
REGGIA DI CASERTA,"via Douhet, 2a",Caserta (CE) - 81100, ,http://www.reggiadicaserta.beniculturali.it,"Italia, Caserta (CE) - 81100, via Douhet, 2a","41.07258239999999,14.3193228",SI
SACELLO DEGLI AUGUSTALI,Via Miseno,Bacoli (NA) - 80070,Miseno,http://www.archeona.beniculturali.it,"Italia, Bacoli (NA) - 80070, Via Miseno","40.7927617,14.0785716",SI
SCAVI DI ERCOLANO,"Corso Resina, 187",Ercolano (NA) - 80056, ,http://www.pompeiisites.org,"Italia, Ercolano (NA) - 80056, Corso Resina, 187","40.80605509999999,14.3491886",SI
SCAVI DI POMPEI,"Via Villa dei Misteri, 2",Pompei (NA) - 80045, ,http://www.pompeiisites.org,"Italia, Pompei (NA) - 80045, Via Villa dei Misteri, 2","40.7491624,14.4810704",SI
SCAVI DI STABIAE,Via Passeggiata Archeologica,Castellammare di Stabia (NA) - 80053, ,,"Italia, Castellammare di Stabia (NA) - 80053, Via Passeggiata Archeologica","40.7035661,14.4991744",SI
TEATRO ELLENISTICO ROMANO,Via Foce,Sarno (SA), , http://www.archeosa.beniculturali.it/,"Italia, Sarno (SA), Via Foce","40.8184659,14.5807947",SI
TEATRO ROMANO DI BENEVENTO,Piazza Ponzio Telesino,Benevento (BN) - 82100, ,http://www.archeosa.beniculturali.it/?center=sito&id_sito=18,"Italia, Benevento (BN) - 82100, Piazza Ponzio Telesino","41.1297613,14.7826208",SI
TEATRO ROMANO DI ERCOLANO,Corso Resina,Ercolano (NA) - 80056, ,,"Italia, Ercolano (NA) - 80056, Corso Resina","40.8039741,14.3510823",SI
TEATRO ROMANO DI MISENO,Via Sacello degli Augustali,Bacoli (NA) - 80070,Miseno,http://www.archeona.beniculturali.it,"Italia, Bacoli (NA) - 80070, Via Sacello degli Augustali","40.7872802,14.083709",SI
TEATRO ROMANO DI TEANO,Via S. Antonio Abate,Teano (CE) - 81057, ,http://www.archeosa.beniculturali.it/?center=sito&id_sito=47,"Italia, Teano (CE) - 81057, Via S. Antonio Abate","41.249438,14.068417",SI
TEMPIO C.D. DI DIANA,Piazzetta Alcide De Gasperi,Bacoli (NA) - 80070,Baia,http://sbanap.campaniabeniculturali.it,"Italia, Bacoli (NA) - 80070, Piazzetta Alcide De Gasperi","40.7948004,14.0685261",SI
VILLA DEI PAPIRI,Via Villa dei Papiri Ercolanesi,Ercolano (NA) - 80056, , ,"Italia, Ercolano (NA) - 80056, Via Villa dei Papiri Ercolanesi","40.8079195,14.3481628",SI
VILLA DI ARIANNA,Località Varano,Castellammare di Stabia (NA) - 80053,Varano,www.pompeiisites.org/,"Italia, Castellammare di Stabia (NA) - 80053, Località Varano","40.6974703,14.491573",SI
VILLA DI POPPEA - OPLONTIS,Via Sepolcri,Torre Annunziata (NA) - 80058, ,http://www.pompeiisites.org,"Italia, Torre Annunziata (NA) - 80058, Via Sepolcri","40.7604372,14.4536437",SI
VILLA FLORIDIANA,"via Cimarosa, 77 / via Aniello Falcone, 171",Napoli (NA) - 80127, ,,"Italia, Napoli (NA) - 80127, via Cimarosa, 77 / via Aniello Falcone, 171","40.84256999999999,14.22924",SI
VILLA PIGNATELLI,"Riviera di Chiaia, 200",Napoli (NA) - 80121, ,,"Italia, Napoli (NA) - 80121, Riviera di Chiaia, 200","40.83363,14.23249",SI
VILLA REGINA,"Via Settetermini, 15",Boscoreale (NA) - 80041,Villa Regina,http://www.pompeiisites.org,"Italia, Boscoreale (NA) - 80041, Via Settetermini, 15","40.77042,14.47984",SI
VILLA ROMANA CD. SECONDO COMPLESSO,Località Varano,Castellammare di Stabia (NA) - 80053,Varano,http://www.pompeiisites.org,"Italia, Castellammare di Stabia (NA) - 80053, Località Varano","40.6974703,14.491573",SI
VILLA SAN MARCO,Località Varano,Castellammare di Stabia (NA) - 80053,Varano,http://www.pompeiisites.org,"Italia, Castellammare di Stabia (NA) - 80053, Località Varano","40.6974703,14.491573",SI
ABBAZIA DI POMPOSA E MUSEO POMPOSIANO,Via Pomposa Centro,Codigoro (FE) - 44021,Pomposa,http://www.emiliaromagna.beniculturali.it/index.php?it/260/i-luoghi-della-cultura-in-emilia-,"Italia, Codigoro (FE) - 44021, Via Pomposa Centro","44.83125219999999,12.1094403",SI
ANTICA SPEZIERIA DI SAN GIOVANNI EVANGELISTA,"Borgo Pipa, 1",Parma (PR) - 43121, ,http://www.parmabeniartistici.beniculturali.it/altri-luoghi/antica-spezieria-di-san-giovanni,"Italia, Parma (PR) - 43121, Borgo Pipa, 1","44.80295710000001,10.3318869",SI
AREA ARCHEOLOGICA E ANTIQUARIUM DI VELEIA,Strada Provinciale,Lugagnano Val d'Arda (PC) - 29020,Veleia Romana,http://www.archeobologna.beniculturali.it/veleia/index.htm,"Italia, Lugagnano Val d'Arda (PC) - 29020, Strada Provinciale","44.8246297,9.832038599999999",SI
AREA SCAVI DELLA CITTÀ ETRUSCA DI SPINA,Località Spina (Valle del Mezzano),Comacchio (FE) - 34018, ,http://www.archeobologna.beniculturali.it/Ferrara/area.htm,"Italia, Comacchio (FE) - 34018, Località Spina (Valle del Mezzano)","44.6584429,12.2429892",SI
BASILICA DI SANT' APOLLINARE IN CLASSE,Via Romea Sud,Ravenna (RA) - 48124,Classe,http://www.soprintendenzaravenna.beniculturali.it/index.php?it/133/santapollinare-in-classe,"Italia, Ravenna (RA) - 48124, Via Romea Sud","44.3865042,12.2251382",SI
BATTISTERO DEGLI ARIANI,Piazzetta Ariani,Ravenna (RA) - 48121,Ravenna,http://www.soprintendenzaravenna.beniculturali.it/index.php?it/131/battistero-degli-ariani,"Italia, Ravenna (RA) - 48121, Piazzetta Ariani","44.4188384,12.2023766",SI
CAMERA DI SAN PAOLO,"Via Macedonio Melloni, 3/a",Parma (PR) - 43121, ,http://www.gallerianazionaleparma.it/,"Italia, Parma (PR) - 43121, Via Macedonio Melloni, 3/a","44.80409,10.32853",SI
CASA PASCOLI,"Via G. Pascoli, 46",San Mauro Pascoli (FC) - 47030,San Mauro Pascoli,http://www.casapascoli.it,"Italia, San Mauro Pascoli (FC) - 47030, Via G. Pascoli, 46","44.1051837,12.4155912",SI
"CASTELLO DI CANOSSA E MUSEO NAZIONALE \""NABORRE CAMPANINI\",Via Castello,Canossa (RE) - 42026, ,http://www.castellodicanossa.it/,"Italia, Canossa (RE) - 42026, Via Castello","44.5952261,10.4114603",SI
CASTELLO DI TORRECHIARA,Via al Castello 1,Langhirano (PR) - 43013,Torrechiara,http://www.sbap-pr.beniculturali.it/index.php?it/130/castello-di-torrechiara-langhirano-pr,"Italia, Langhirano (PR) - 43013, Via al Castello 1","44.6416055,10.3052356",SI
CASTELLO MALASPINA DAL VERME,"Strada del Torrino, 5",Bobbio (PC) - 29022, ,http://www.sbap-pr.beniculturali.it/index.php?it/131/castello-malaspina-bobbio-pc,"Italia, Bobbio (PC) - 29022, Strada del Torrino, 5","44.768873,9.383882",SI
CELLA DI SANTA CATERINA,Presso Giardino di San Paolo,Parma (PR) - 43100, ,,"Italia, Parma (PR) - 43100, Presso Giardino di San Paolo","44.801485,10.3279036",SI
FORNACI ROMANE DI CA' TURCI,Località Cà Turci,Cesenatico (FC) - 33020, ,http://www.archeobologna.beniculturali.it/cesenatico_fornaci/fornaci_romane.htm,"Italia, Cesenatico (FC) - 33020, Località Cà Turci","44.200847,12.4052023",SI
GALLERIA NAZIONALE DI PARMA,"Piazza della Pilotta, 15",Parma (PR) - 43121, ,http://www.gallerianazionaleparma.it,"Italia, Parma (PR) - 43121, Piazza della Pilotta, 15","44.804879,10.3261348",SI
IMPIANTO PORTUALE TARDO-ROMANO E BASILICA DI SAN SEVERO (CLASSE),Via Marabina 8,Ravenna (RA) - 48100,Classe,http://www.archeobo.arti.beniculturali.it/classe/index.htm,"Italia, Ravenna (RA) - 48100, Via Marabina 8","44.39362999999999,12.27094",SI
MAUSOLEO DI TEODORICO,Via delle Industrie,Ravenna (RA) - 48122,Ravenna,http://www.soprintendenzaravenna.beniculturali.it/index.php?it/130/mausoleo-di-teoderico,"Italia, Ravenna (RA) - 48122, Via delle Industrie","44.4280969,12.2176443",SI
MUSEO ARCHEOLOGICO NAZIONALE DI FERRARA,Via XX Settembre n. 122,Ferrara (FE) - 44100, ,http://www.archeoferrara.beniculturali.it,"Italia, Ferrara (FE) - 44100, Via XX Settembre n. 122","44.8274279,11.6273063",SI
MUSEO ARCHEOLOGICO NAZIONALE DI PARMA,Piazza della Pilotta,Parma (PR) - 43100, ,http://www.archeobologna.beniculturali.it/Parma/index.htm,"Italia, Parma (PR) - 43100, Piazza della Pilotta","44.8046119,10.3266048",SI
MUSEO ARCHEOLOGICO NAZIONALE DI SARSINA,"Via Cesio Sabino, 39",Sarsina (FC) - 47027, ,http://www.archeobologna.beniculturali.it/Sarsina/index.htm,"Italia, Sarsina (FC) - 47027, Via Cesio Sabino, 39","43.9196317,12.1439817",SI
MUSEO DI CASA ROMEI,Via Savonarola,Ferrara (FE) - 44100,Ferrara,http://www.soprintendenzaravenna.beniculturali.it/index.php?it/128/museo-di-casa-romei,"Italia, Ferrara (FE) - 44100, Via Savonarola","44.833519,11.6257796",SI
MUSEO LAPIDARIO ESTENSE,Piazza S. Agostino,Modena (MO) - 41100, ,http://www.spsae-mo.beniculturali.it,"Italia, Modena (MO) - 41100, Piazza S. Agostino","44.6468534,10.9210493",SI
MUSEO NAZIONALE DI RAVENNA,Via San Vitale,Ravenna (RA) - 48121,Ravenna,http://www.soprintendenzaravenna.beniculturali.it,"Italia, Ravenna (RA) - 48121, Via San Vitale","44.419826,12.1966712",SI
"MUSEO NAZIONALE ETRUSCO \""POMPEO ARIA\"" ED AREA ARCHEOLOGICA",Via Porrettana Sud 13,Marzabotto (BO) - 40043, ,http://www.archeobologna.beniculturali.it/Marzabotto/index.htm,"Italia, Marzabotto (BO) - 40043, Via Porrettana Sud 13","44.3364948,11.203741",SI
NECROPOLI ROMANA DI VOGHENZA,Via Dante Alighieri,Voghiera (FE) - 44019,Voghenza,http://www.archeobologna.beniculturali.it/Ferrara/area.htm,"Italia, Voghiera (FE) - 44019, Via Dante Alighieri","44.7665804,11.7542375",SI
PALAZZO DI TEODORICO,"Via di Roma, angolo via Alberoni",Ravenna (RA) - 48121,Ravenna,http://www.soprintendenzaravenna.beniculturali.it/index.php?it/132/palazzo-di-teoderico,"Italia, Ravenna (RA) - 48121, Via di Roma, angolo via Alberoni","44.4174598,12.2038591",SI
PALAZZO DUCALE DI SASSUOLO,Piazzale della Rosa,Sassuolo (MO) - 41049,Sassuolo,http://www.spsae-mo.beniculturali.it,"Italia, Sassuolo (MO) - 41049, Piazzale della Rosa","44.5423208,10.7803854",SI
PALAZZO MILZETTI - MUSEO NAZIONALE DELL'ETÀ NEOCLASSICA IN ROMAGNA,Via Tonducci,Faenza (RA) - 48018, ,http://www.palazzomilzetti.jimdo.com,"Italia, Faenza (RA) - 48018, Via Tonducci","44.2851721,11.8782357",SI
PINACOTECA NAZIONALE DI BOLOGNA,Via delle Belle Arti 56,Bologna (BO) - 40126, ,http://www.pinacotecabologna.beniculturali.it,"Italia, Bologna (BO) - 40126, Via delle Belle Arti 56","44.49762,11.35359",SI
PINACOTECA NAZIONALE DI BOLOGNA IN PALAZZO PEPOLI CAMPOGRANDE,Via Castiglione,Bologna (BO) - 40124, ,http://www.pinacotecabologna.beniculturali.it,"Italia, Bologna (BO) - 40124, Via Castiglione","44.4896525,11.347228",SI
PINACOTECA NAZIONALE DI FERRARA,Corso Ercole I d’Este 21 (Palazzo Diamanti),Ferrara (FE) - 44121, ,http://www.pinacotecaferrara.it,"Italia, Ferrara (FE) - 44121, Corso Ercole I d’Este 21 (Palazzo Diamanti)","44.8420894,11.6212295",SI
RESTI DELLA CITTÀ ROMANA DI MEVANIOLA,Via Borgo,Galeata (FC) - 47010,Pianetto,http://www.archeobologna.beniculturali.it/galeata/mevaniola.htm,"Italia, Galeata (FC) - 47010, Via Borgo","43.9963518,11.9101194",SI
TEATRO FARNESE,"Piazzale della Pilotta, 15",Parma (PR) - 43121, ,http://www.gallerianazionaleparma.it/,"Italia, Parma (PR) - 43121, Piazzale della Pilotta, 15","44.804879,10.3261348",SI
VILLA ROMANA DI RUSSI,Via Fiumazzo,Russi (RA) - 48026, ,http://www.archeobologna.beniculturali.it/russi/index.htm,"Italia, Russi (RA) - 48026, Via Fiumazzo","44.38482399999999,12.0321725",SI
MUSEO ARCHEOLOGICO NAZIONALE,"Piazza del Duomo, 13",Cividale del Friuli (UD) - 33100,Cividale del Friuli,,"Italia, Cividale del Friuli (UD) - 33100, Piazza del Duomo, 13","46.110478,12.904816",SI
MUSEO ARCHEOLOGICO NAZIONALE,"Via Roma, 1",Aquileia (UD) - 33051,Aquileia,http://www.museoarcheologicoaquileia.beniculturali.it/,"Italia, Aquileia (UD) - 33051, Via Roma, 1","45.767373,13.367197",SI
MUSEO STORICO DEL CASTELLO DI MIRAMARE,Viale Miramare,Trieste (TS) - 34151,Trieste,http://www.castello-miramare.it,"Italia, Trieste (TS) - 34151, Viale Miramare","45.7049228,13.7115655",SI
PARCO DEL CASTELLO DI MIRAMARE,Viale Miramare,Trieste (TS) - 34151,Trieste,http://www.castello-miramare.it,"Italia, Trieste (TS) - 34151, Viale Miramare","45.7049228,13.7115655",SI
ABBAZIA DI CASAMARI, ,Veroli (FR) - 03029, ,http://www.sbap-lazio.beniculturali.it/index.php?option=com_content&view=article&id=156&Itemid=13,"Italia, Veroli (FR) - 03029,  ","41.6960182,13.4128915",SI
ABBAZIA DI FOSSANOVA,Via S. Tommaso D'Aquino,Priverno (LT) - 04015, ,http://www.abbaziadifossanova.it/,"Italia, Priverno (LT) - 04015, Via S. Tommaso D'Aquino","41.469922,13.1832534",SI
ABBAZIA DI MONTECASSINO, ,Cassino (FR) - 03043, ,http://www.montecassino.it,"Italia, Cassino (FR) - 03043,  ","41.4907889,13.8333776",SI
ABBAZIA DI TRISULTI,Via Trisulti,Collepardo (FR) - 03010, ,,"Italia, Collepardo (FR) - 03010, Via Trisulti","41.7642537,13.3708513",SI
ANFITEATRO FLAVIO - COLOSSEO,"Piazza del Colosseo, 1",Roma (RM) - 00184, ,http://archeoroma.beniculturali.it,"Italia, Roma (RM) - 00184, Piazza del Colosseo, 1","41.8900513,12.4940959",SI [nota 1]
ANFITEATRO ROMANO,"Via Cassia km 49,00",Sutri (VT) - 01015, ,,"Italia, Sutri (VT) - 01015, Via Cassia km 49,00","42.250399,12.290622",SI
ANTIQUARIUM DI PYRGI E AREA ARCHEOLOGICA,Località Castello di Santa Severa,Santa Marinella (RM) - 00058, ,,"Italia, Santa Marinella (RM) - 00058, Località Castello di Santa Severa","42.0165652,11.9574859",SI
AREA ARCHEOLOGICA ANTICA CITTÀ DI FERENTO,S.P. Teverina Km. 8.000,Viterbo (VT) - 01100, ,,"Italia, Viterbo (VT) - 01100, S.P. Teverina Km. 8.000","42.4206766,12.107669",SI
AREA ARCHEOLOGICA DI LUCUS FERONIAE E MUSEO ARCHEOLOGICO,"Via Tiberina, Km. 18.500",Capena (RM) - 00060, ,,"Italia, Capena (RM) - 00060, Via Tiberina, Km. 18.500","42.0971084,12.5765308",SI
AREA ARCHEOLOGICA DI VEIO - SANTUARIO ETRUSCO DELL'APOLLO,Via Riserva Campetti,Roma (RM) - 00123,Isola Farnese (Portonaccio),,"Italia, Roma (RM) - 00123, Via Riserva Campetti","42.0210807,12.3888035",SI
AREA ARCHEOLOGICA DI VILLA ADRIANA,Largo Marguerite Yourcenar,Tivoli (RM) - 00010,Villa Adriana,http://www.villaadriana.beniculturali.it,"Italia, Tivoli (RM) - 00010, Largo Marguerite Yourcenar","41.959817,12.8022261",SI
AREA DEL FORO E DOMUS PRIVATAE DELLA CITTÀ ROMANA DI VOLSINII,"Località Poggio Moscini, Via Orvietana",Bolsena (VT) - 01023, ,,"Italia, Bolsena (VT) - 01023, Località Poggio Moscini, Via Orvietana","42.6442035,11.9864377",SI
AULA OTTAGONALE DELLE TERME DI DIOCLEZIANO (EX PLANETARIO),"Via Romita, 8",Roma (RM) - 00186, ,,"Italia, Roma (RM) - 00186, Via Romita, 8","41.9036118,12.4959953",SI
BASILICA DI S. FRANCESCO ALLA ROCCA,Piazza San Francesco alla Rocca,Viterbo (VT) - 01100, ,,"Italia, Viterbo (VT) - 01100, Piazza San Francesco alla Rocca","42.42129,12.104662",SI
BASILICA DI SAN CESAREO DE APPIA,Via di Porta S. Sebastiano,Roma (RM) - 00179, ,,"Italia, Roma (RM) - 00179, Via di Porta S. Sebastiano","41.8765736,12.499719",SI
CAPPELLA DELL'ANNUNZIATA,"Via dell’Annunziata, 59",Cori (LT) - 04010, ,,"Italia, Cori (LT) - 04010, Via dell’Annunziata, 59","41.642322,12.907597",SI
CASTELLO DI GIULIO II,Piazza della Rocca,Roma (RM) - 00119,Municipio XIII,http://www.archeoroma.beniculturali.it,"Italia, Roma (RM) - 00119, Piazza della Rocca","41.7596893,12.3014406",SI
COMPLESSO ARCHEOLOGICO DI MALBORGHETTO,Via Malborghetto,Roma (RM) - 00188, ,http://archeoroma.beniculturali.it,"Italia, Roma (RM) - 00188, Via Malborghetto","42.05173790000001,12.4891544",SI
COMPLESSO DI SANTA MARIA NOVA,"Via Appia Antica, 251",Roma (RM), ,http://www.viaappiaantica.com,"Italia, Roma (RM), Via Appia Antica, 251","41.8305881,12.5460584",SI
COMPLESSO DI CAPO DI BOVE,Via Appia Antica,Roma (RM) - 00178, ,http://archeoroma.beniculturali.it/,"Italia, Roma (RM) - 00178, Via Appia Antica","41.85223130000001,12.5204679",SI
COMPRENSORIO ARCHEOLOGICO DI MINTURNAE,Via Appia Km. 156,Minturno (LT) - 04026, ,,"Italia, Minturno (LT) - 04026, Via Appia Km. 156","41.2556514,13.7114855",SI
COMPRENSORIO ARCHEOLOGICO DI MINTURNAE,Via Puntafiume,Minturno (LT) - 04026, ,,"Italia, Minturno (LT) - 04026, Via Puntafiume","41.2657426,13.7443642",SI
DOMUS AUREA. Visite guidate al cantiere,via della Domus Aurea 1,Roma (RM) - 00184, ,http://archeoroma.beniculturali.it,"Italia, Roma (RM) - 00184, via della Domus Aurea 1","41.8904937,12.4947604",SI [nota 2]
FORO ROMANO E PALATINO,Via di San Gregorio 30 e Largo della Salara Vecchia 5/6,Roma (RM) - 00184, ,http://archeoroma.beniculturali.it,"Italia, Roma (RM) - 00184, Via di San Gregorio 30 e Largo della Salara Vecchia 5/6","41.8763539,12.6493936",SI
GALLERIA NAZIONALE D'ARTE ANTICA IN PALAZZO BARBERINI,Via Quattro Fontane,Roma (RM) - 00186, ,http://galleriabarberini.beniculturali.it/,"Italia, Roma (RM) - 00186, Via Quattro Fontane","41.9031733,12.4885479",SI
GALLERIA NAZIONALE D'ARTE ANTICA IN PALAZZO CORSINI,"Via della Lungara, 10",Roma (RM) - 00165, ,http://galleriacorsini.beniculturali.it/,"Italia, Roma (RM) - 00165, Via della Lungara, 10","41.8931988,12.4669658",SI
GALLERIA NAZIONALE D'ARTE MODERNA E CONTEMPORANEA,"Viale delle Belle Arti, 131",Roma (RM) - 00196, ,http://www.gnam.beniculturali.it,"Italia, Roma (RM) - 00196, Viale delle Belle Arti, 131","41.9188771,12.4730658",SI
GALLERIA SPADA,Piazza Capo di Ferro 13,Roma (RM) - 00186, ,http://galleriaspada.beniculturali.it/,"Italia, Roma (RM) - 00186, Piazza Capo di Ferro 13","41.894527,12.4720778",SI
ISTITUTO NAZIONALE PER LA GRAFICA,via della stamperia,Roma (RM) - 00187, ,http://www.grafica.beniculturali.it/,"Italia, Roma (RM) - 00187, via della stamperia","41.9015318,12.4835055",SI
MONASTERO DI SAN BENEDETTO SACRO SPECO,Piazzale San Benedetto,Subiaco (RM) - Piazzale San Benedetto, ,http://www.benedettini-subiaco.org,"Italia, Subiaco (RM) - Piazzale San Benedetto, Piazzale San Benedetto","41.9246531,13.0936685",SI
MONASTERO DI SANTA SCOLASTICA,Via dei Monasteri,Subiaco (RM) - 00028, ,http://www.benedettini-subiaco.org,"Italia, Subiaco (RM) - 00028, Via dei Monasteri","41.9242634,13.1050136",SI
MONUMENTO A VITTORIO EMANUELE II (VITTORIANO),piazza venezia,Roma (RM) - 00187, ,,"Italia, Roma (RM) - 00187, piazza venezia","41.89682759999999,12.4828495",SI
MUSEO ARCHEOLOGICO DELL'AGRO FALISCO E FORTE SANGALLO,Via del Forte,Civita Castellana (VT) - 01033, ,,"Italia, Civita Castellana (VT) - 01033, Via del Forte","42.2884352,12.4101502",SI
MUSEO ARCHEOLOGICO DI VULCI,Località Vulci,Canino (VT) - 01011, ,,"Italia, Canino (VT) - 01011, Località Vulci","42.4630741,11.7507457",SI
MUSEO ARCHEOLOGICO NAZIONALE,Largo Cavour,Civitavecchia (RM) - 00053, ,,"Italia, Civitavecchia (RM) - 00053, Largo Cavour","42.0912872,11.7925171",SI
MUSEO ARCHEOLOGICO NAZIONALE,Largo Mario Moretti,Tuscania (VT) - 01017, ,,"Italia, Tuscania (VT) - 01017, Largo Mario Moretti","42.4185731,11.8703089",SI
MUSEO ARCHEOLOGICO NAZIONALE,Piazza Cavour,Tarquinia (VT) - 01016, ,,"Italia, Tarquinia (VT) - 01016, Piazza Cavour","42.2533951,11.7551343",SI
MUSEO ARCHEOLOGICO NAZIONALE,Via Vitruvio,Formia (LT) - 04023, ,http://www.archeolz.arti.beniculturali.it/index.php?it/170/museo-archeologico-nazionale-di-formia,"Italia, Formia (LT) - 04023, Via Vitruvio","41.2551384,13.6046114",SI
MUSEO ARCHEOLOGICO NAZIONALE DI PALESTRINA E SANTUARIO DELLA FORTUNA PRIMIGENIA,Piazza della Cortina,Palestrina (RM) - 00036, ,http://www.archeolz.arti.beniculturali.it/index.php?it/186/museo-archeologico-nazionale-prenestino-e-,"Italia, Palestrina (RM) - 00036, Piazza della Cortina","41.8405653,12.8925954",SI
MUSEO ARCHEOLOGICO NAZIONALE E AREA ARCHEOLOGICA,Via Flacca Km. 16.300,Sperlonga (LT) - 04029, ,,"Italia, Sperlonga (LT) - 04029, Via Flacca Km. 16.300","41.2259953,13.5152434",SI
MUSEO ARCHEOLOGICO NAZIONALE G. CARETTONI,Via di Montecassino,Cassino (FR) - 03043, ,,"Italia, Cassino (FR) - 03043, Via di Montecassino","41.4904581,13.821457",SI
MUSEO ARISTAIOS,Largo Luciano Berio,Roma (RM) - 00196, ,http://www.auditorium.com,"Italia, Roma (RM) - 00196, Largo Luciano Berio","41.9291255,12.4746934",SI
"MUSEO BONCOMPAGNI LUDOVISI PER LE ARTI DECORATIVE, COSTUME E MODA",Via Boncompagni,Roma (RM) - 00187, ,http://www.museoboncompagni.beniculturali.it/,"Italia, Roma (RM) - 00187, Via Boncompagni","41.9085263,12.4943127",SI
MUSEO DELLA VIA OSTIENSE - PORTA SAN PAOLO,"Via Raffaele Persichetti, 3 (Porta S. Paolo)",Roma (RM) - 00153, ,http://archeoroma.beniculturali.it,"Italia, Roma (RM) - 00153, Via Raffaele Persichetti, 3 (Porta S. Paolo)","41.8770647,12.4809243",SI
MUSEO DELLE NAVI ROMANE DI NEMI,Via del Tempio di Diana,Nemi (RM) - 00040, ,http://www.museonaviromane.it/,"Italia, Nemi (RM) - 00040, Via del Tempio di Diana","41.7259088,12.7063384",SI
MUSEO E GALLERIA BORGHESE,Piazzale Scipione Borghese,Roma (RM) - 00197, ,http://galleriaborghese.beniculturali.it/,"Italia, Roma (RM) - 00197, Piazzale Scipione Borghese","41.9144987,12.492433",SI(prenotazione obbligatoria tel. 06 32810)
MUSEO HENDRIK CHRISTIAN ANDERSEN,Via P. S. Mancini,Roma (RM) - 00196, ,http://www.museoandersen.beniculturali.it/,"Italia, Roma (RM) - 00196, Via P. S. Mancini","41.9141221,12.4730437",SI
MUSEO MARIO PRAZ,"Via Zanardelli, 1 Palazzo Primoli",Roma (RM) -, ,http://www.museopraz.beniculturali.it/,"Italia, Roma (RM) -, Via Zanardelli, 1 Palazzo Primoli","41.9018621,12.4719266",SI
MUSEO NAZIONALE ARCHEOLOGICO CERITE,Piazza S. Maria,Cerveteri (RM) - 00052, ,http://www.eterna.it/cerveteri/etrus42.htm,"Italia, Cerveteri (RM) - 00052, Piazza S. Maria","41.99905529999999,12.0995924",SI
MUSEO NAZIONALE D'ARTE ORIENTALE,via merulana,Roma (RM) - 00185, ,http://www.museorientale.beniculturali.it,"Italia, Roma (RM) - 00185, via merulana","41.8910358,12.5024458",SI
MUSEO NAZIONALE DEL PALAZZO DI VENEZIA,"Via del Plebiscito, 118",Roma (RM) - 00186, ,http://museopalazzovenezia.beniculturali.it/,"Italia, Roma (RM) - 00186, Via del Plebiscito, 118","41.8964079,12.4810964",SI
MUSEO NAZIONALE DELL'ALTO MEDIOEVO,"Viale Lincoln, 3",Roma (RM) - 00144, ,http://archeoroma.beniculturali.it,"Italia, Roma (RM) - 00144, Viale Lincoln, 3","41.8326711,12.4722505",SI
MUSEO NAZIONALE DELLE ARTI E TRADIZIONI POPOLARI,Piazza Guglielmo Marconi,Roma (RM) - 00144,EUR,http://www.idea.mat.beniculturali.it,"Italia, Roma (RM) - 00144, Piazza Guglielmo Marconi","41.8340983,12.4693171",SI
MUSEO NAZIONALE DI CASTEL SANT'ANGELO,Lungotevere Castello,Roma (RM) - 00193, ,http://castelsantangelo.beniculturali.it/,"Italia, Roma (RM) - 00193, Lungotevere Castello","41.9025166,12.4663838",SI
MUSEO NAZIONALE ETRUSCO - ROCCA ALBORNOZ,Piazza della Rocca,Viterbo (VT) - 01100, ,http://www.etruriameridionale.beniculturali.it/index.php?it/153/museo-nazionale-etrusco-di-viterbo-rocca-,"Italia, Viterbo (VT) - 01100, Piazza della Rocca","42.4219872,12.105505",SI
MUSEO NAZIONALE ETRUSCO DI VILLA GIULIA,Piazzale di Villa Giulia,Roma (RM) - 00196, ,http://www.villagiulia.beniculturali.it/,"Italia, Roma (RM) - 00196, Piazzale di Villa Giulia","41.91829990000001,12.4746067",SI
"MUSEO NAZIONALE PREISTORICO ED ETNOGRAFICO \""L. PIGORINI\","Piazzale Guglielmo Marconi, 14",Roma (RM) - 00144, ,http://www.pigorini.beniculturali.it/,"Italia, Roma (RM) - 00144, Piazzale Guglielmo Marconi, 14","41.8344805,12.4701382",SI
MUSEO NAZIONALE ROMANO - CRYPTA BALBI,Via Botteghe Oscure,Roma (RM) - 00186, ,http://archeoroma.beniculturali.it,"Italia, Roma (RM) - 00186, Via Botteghe Oscure","41.8950064,12.4777076",SI
MUSEO NAZIONALE ROMANO - PALAZZO ALTEMPS,Via Sant’ Apollinare,Roma (RM) - 00186, ,http://archeoroma.beniculturali.it,"Italia, Roma (RM) - 00186, Via Sant’ Apollinare","41.9009317,12.4732596",SI
MUSEO NAZIONALE ROMANO - PALAZZO MASSIMO,Largo di Villa Peretti,Roma (RM) - 00186, ,http://archeoroma.beniculturali.it,"Italia, Roma (RM) - 00186, Largo di Villa Peretti","41.9017737,12.49802",SI
MUSEO NAZIONALE ROMANO - TERME DI DIOCLEZIANO,"Via Enrico de Nicola, 79",Roma (RM) - 33051, ,http://archeoroma.beniculturali.it,"Italia, Roma (RM) - 33051, Via Enrico de Nicola, 79","41.7768801,12.613333",SI
"NECROPOLI \""MADONNA DELL'OLIVO\", ,Tuscania (VT) - 01017,Madonna dell’Olivo,,"Italia, Tuscania (VT) - 01017,  ","42.4185731,11.8703089",SI
NECROPOLI DEI MONTEROZZI DI TARQUINIA,"Strada Provinciale Monterozzi - Marina, V. Ripagretta",Tarquinia (VT) - 01016, ,http://www.etruriameridionale.beniculturali.it/index.php?it/155/necropoli-dei-monterozzi-di-tarquinia,"Italia, Tarquinia (VT) - 01016, Strada Provinciale Monterozzi - Marina, V. Ripagretta","42.26680229999999,11.7570037",SI
NECROPOLI DELLA BANDITACCIA,Piazza Mario Moretti (già della Necropoli),Cerveteri (RM) - 00052, ,http://www.cerveteri.beniculturali.it/index.php?it/116/la-necropoli-della-banditaccia,"Italia, Cerveteri (RM) - 00052, Piazza Mario Moretti (già della Necropoli)","42.00592220000001,12.1004901",SI
NECROPOLI DI VILLA DORIA PAMPHILJ,Via Aurelia Antica,Roma (RM), ,http://archeoroma.beniculturali.it/siti_archeologici/suburbio/villa_doria_pamphilj,"Italia, Roma (RM), Via Aurelia Antica","41.8900857,12.4354793",SI
PALAZZO ALTIERI,Piazza Umberto I,Oriolo Romano (VT) - 01010, ,http://www.sbap-lazio.beniculturali.it/index.php?option=com_content&view=article&id=128&Itemid=11,"Italia, Oriolo Romano (VT) - 01010, Piazza Umberto I","42.1594531,12.1379477",SI
PALAZZO FARNESE,Piazza Farnese,Caprarola (VT) - 01032, ,http://www.sbap-lazio.beniculturali.it/index.php?option=com_content&view=article&id=125&Itemid=11,"Italia, Caprarola (VT) - 01032, Piazza Farnese","42.3038585,12.1836354",SI
PANTHEON,Piazza della Rotonda,Roma (RM) - 85029, ,,"Italia, Roma (RM) - 85029, Piazza della Rotonda","41.8889601,12.4811823",SI
PARCO ARCHEOLOGICO DELLE TOMBE DELLA VIA LATINA,"Via dell’Arco di Travertino, 151",Roma (RM) -, ,http://archeoroma.beniculturali.it,"Italia, Roma (RM) -, Via dell’Arco di Travertino, 151","41.86343000000001,12.53287",SI
RACCOLTA MANZÙ,"Via Laurentina, Km 32,800",Ardea (RM) - 00040, ,http://www.museomanzu.beniculturali.it/,"Italia, Ardea (RM) - 00040, Via Laurentina, Km 32,800","41.58255,12.52398",SI
SALA CONVEGNI SANTA MARTA,"piazza del Collegio Romano, 5",Roma (RM) - 03043, ,,"Italia, Roma (RM) - 03043, piazza del Collegio Romano, 5","41.8979265,12.4805432",SI
SANTUARIO MADONNA DELLA QUERCIA,"Piazza del Santuario, La Quercia",Viterbo (VT) - 01030, ,,"Italia, Viterbo (VT) - 01030, Piazza del Santuario, La Quercia","42.429277,12.1277",SI
SCAVI DI OSTIA ANTICA E MUSEO,Viale dei Romagnoli,Roma (RM) - 00119, ,http://archeoroma.beniculturali.it,"Italia, Roma (RM) - 00119, Viale dei Romagnoli","41.7690089,12.3220327",SI
TERME DI CARACALLA,Via delle Terme di Caracalla,Roma (RM) - 00179, ,http://archeoroma.beniculturali.it,"Italia, Roma (RM) - 00179, Via delle Terme di Caracalla","41.87403,12.496686",SI
TERME TAURINE O DI TRAIANO,Via delle Terme Taurine,Civitavecchia (RM) - 00053, ,,"Italia, Civitavecchia (RM) - 00053, Via delle Terme Taurine","42.096476,11.790757",SI
TOMBA DI CECILIA METELLA,"Via Appia Antica, 161",Roma (RM) - 00179, ,http://archeoroma.beniculturali.it,"Italia, Roma (RM) - 00179, Via Appia Antica, 161","41.8521128,12.5209185",SI
TOMBA FRANCOIS,Castello dell’Abbadia,Canino (VT) - 01011,Vulci,,"Italia, Canino (VT) - 01011, Castello dell’Abbadia","42.466403,11.750676",SI
VILLA D'ESTE,Piazza Trento,Tivoli (RM) - 00019, ,http://www.villadestetivoli.info/,"Italia, Tivoli (RM) - 00019, Piazza Trento","41.95629750000001,12.7316317",SI
VILLA DEI QUINTILI,Via Appia Nuova,Roma (RM) - 00178, ,http://archeoroma.beniculturali.it,"Italia, Roma (RM) - 00178, Via Appia Nuova","41.8812136,12.5146485",SI
VILLA DEI VOLUSII,"Via Tiberina km 18,500",Fiano Romano (RM) - 00065, ,,"Italia, Fiano Romano (RM) - 00065, Via Tiberina km 18,500","42.1698801,12.5916515",SI
VILLA DI ORAZIO,Via Licentina,Licenza (RM) - 00026, ,,"Italia, Licenza (RM) - 00026, Via Licentina","42.0727827,12.9004489",SI
VILLA LANTE BAGNAIA,Via Jacopo Barozzi,Viterbo (VT) - 01100, ,http://www.sbap-lazio.beniculturali.it/index.php?option=com_content&view=article&id=126&Itemid=11,"Italia, Viterbo (VT) - 01100, Via Jacopo Barozzi","42.426984,12.1550831",SI
CASTELLO DI SAN TERENZO,Via Castello,Lerici (SP) - 19032, ,,"Italia, Lerici (SP) - 19032, Via Castello","44.0756332,9.9169337",SI
GALLERIA NAZIONALE DI PALAZZO SPINOLA,Piazza Pellicceria,Genova (GE) - 16126, ,http://www.artiliguria.beniculturali.it/index.php?it/188/galleria-nazionale-di-palazzo-spinola,"Italia, Genova (GE) - 16126, Piazza Pellicceria","44.4108631,8.930545100000002",SI
MUSEO ARCHEOLOGICO NAZIONALE E ZONA ARCHEOLOGICA DI LUNI,Via Luni,Ortonovo (SP) - 19034, ,http://www.archeoge.liguria.beniculturali.it,"Italia, Ortonovo (SP) - 19034, Via Luni","44.0694532,10.0222456",SI
MUSEO DI PALAZZO REALE,Via Balbi,Genova (GE) - 16126, ,http://www.palazzorealegenova.beniculturali.it/,"Italia, Genova (GE) - 16126, Via Balbi","44.4156746,8.924890399999999",SI
"MUSEO PREISTORICO DEI \""BALZI ROSSI\"" E ZONA ARCHEOLOGICA",Via Balzi Rossi,Ventimiglia (IM) - 18039, ,http://www.archeoge.beniculturali.it,"Italia, Ventimiglia (IM) - 18039, Via Balzi Rossi","43.7912366,7.6075864",SI
AREA ARCHEOLOGICA DELLA BASILICA ROMANA DI BRESCIA,Piazza Labus,Brescia (BS) - 25100, ,http://www.archeologica.lombardia.beniculturali.it,"Italia, Brescia (BS) - 25100, Piazza Labus","45.5381051,10.2254985",SI
AREA ARCHEOLOGICA MONSORINO DI GOLASECCA,Località Monsorino,Golasecca (VA) - 21010,Monsorino,http://www.archeologica.lombardia.beniculturali.it,"Italia, Golasecca (VA) - 21010, Località Monsorino","45.6969129,8.6556462",SI
CAPPELLA ESPIATORIA,Via Matteo da Campione,Monza (MB) - 20052, ,http://www.architettonicimilano.lombardia.beniculturali.it,"Italia, Monza (MB) - 20052, Via Matteo da Campione","45.5913924,9.2682643",SI (su appuntamento Tel. 0286313.211/290)
ROCCA SCALIGERA DI SIRMIONE,Piazza Castello,Sirmione (BS) - 25019, ,http://www.architettonicibrescia.beniculturali.it/Page/t03/view_html?idp=223,"Italia, Sirmione (BS) - 25019, Piazza Castello","45.4921397,10.608142",SI
CENACOLO VINCIANO,piazza Santa Maria delle Grazie,Milano (MI) - 20100, ,http://www.architettonicimilano.lombardia.beniculturali.it/,"Italia, Milano (MI) - 20100, piazza Santa Maria delle Grazie","45.465963,9.170962099999999",SI
MUSEO DEL RISORGIMENTO,"via Borgonuovo, 23",Milano (MI) - 20100, ,http://www.museodelrisorgimento.mi.it/,"Italia, Milano (MI) - 20100, via Borgonuovo, 23","45.4722342,9.1898839",SI
PALAZZO MORANDO,"via Sant'Andrea, 6",Milano (MI) - 20100, ,http://www.costumemodaimmagine.mi.it/,"Italia, Milano (MI) - 20100, via Sant'Andrea, 6","45.4685734,9.195985799999999",SI
GALLERIA D’ARTE MODERNA,"via Palestro, 16",Milano (MI) - 20100, ,http://www.gam-milano.com/,"Italia, Milano (MI) - 20100, via Palestro, 16","45.4727679,9.2023695",SI
MUSEO DEL NOVECENTO,"via Marconi, 1",Milano (MI) - 20100, ,http://www.museodelnovecento.org/,"Italia, Milano (MI) - 20100, via Marconi, 1","45.46318,9.19",SI
CASA MUSEO BOSCHI DI STEFANO,"via G. Jan, 15",Milano (MI) - 20100, ,http://www.fondazioneboschidistefano.it/ws/,"Italia, Milano (MI) - 20100, via G. Jan, 15","45.4789334,9.2116673",SI
MUSEO STUDIO FRANCESCO MESSINA,"via San Sisto, 4/A",Milano (MI) - 20100, ,http://www.comune.milano.it/dseserver/WebCity/,"Italia, Milano (MI) - 20100, via San Sisto, 4/A","45.46079,9.18156",SI
MUSEO ARCHEOLOGICO,"Corso Magenta, 15",Milano (MI) - 20100, ,http://www.comune.milano.it/portale/wps/portal/,"Italia, Milano (MI) - 20100, Corso Magenta, 15","45.4657032,9.178523799999999",SI
MUSEO CIVICO DI STORIA NATURALE,"Corso Venezia, 55",Milano (MI) - 20100, ,http://www.comune.milano.it/dseserver/webcity/,"Italia, Milano (MI) - 20100, Corso Venezia, 55","45.47203,9.20267",SI
ACQUARIO CIVICO DI MILANO,"Viale G. Gadio, 2",Milano (MI) - 20100, ,http://www.acquariocivicomilano.eu/,"Italia, Milano (MI) - 20100, Viale G. Gadio, 2","45.47399799999999,9.1807401",SI
PLANETARIO U. HOEPLI,"Corso venezia, 57",Milano (MI) - 20100, ,http://www.comune.milano.it/dseserver/webcity/,"Italia, Milano (MI) - 20100, Corso venezia, 57","45.4735058,9.2039875",SI
CASTELLO SFORZESCO,Piazzale Castello,Milano (MI) - 20100, ,http://www.milanocastello.it/,"Italia, Milano (MI) - 20100, Piazzale Castello","45.4707894,9.214725399999999",SI
GALLERIE D'ITALIA,"Piazza della Scala, 6",Milano (MI) - 20100, ,http://www.gallerieditalia.com/,"Italia, Milano (MI) - 20100, Piazza della Scala, 6","45.46735,9.19004",SI
MUSEO DIOCESANO,"Corso porta Ticinese, 95",Milano (MI) - 20100, ,http://www.museodiocesano.it/,"Italia, Milano (MI) - 20100, Corso porta Ticinese, 95","45.4553483,9.1806389",SI
GROTTE DI CATULLO E MUSEO ARCHEOLOGICO DI SIRMIONE,Piazzale Orti Manara,Sirmione (BS) - 25019, ,,"Italia, Sirmione (BS) - 25019, Piazzale Orti Manara","45.4969717,10.6053754",SI
MUSEO ARCHEOLOGICO NAZIONALE DI MANTOVA,Piazza Castello,Mantova (MN) - 46100, ,http://www.museoarcheologicomantova.beniculturali.it/,"Italia, Mantova (MN) - 46100, Piazza Castello","45.1608789,10.7987508",SI
MUSEO DI PALAZZO DUCALE DI MANTOVA,Piazza Paccagnini,Mantova (MN) - 46100, ,http://www.mantovaducale.beniculturali.it/,"Italia, Mantova (MN) - 46100, Piazza Paccagnini","45.1596191,10.7988559",SI
MUSEO DELLA CERTOSA DI PAVIA,Viale Monumento,Certosa di Pavia (PV) - 27012, ,http://www.museo.certosadipavia.beniculturali.it/,"Italia, Certosa di Pavia (PV) - 27012, Viale Monumento","45.2569525,9.147879699999999",SI
MUSEO NAZIONALE DELLA VALCAMONICA ROMANA,Via Roma 29,Cividate Camuno (BS) - 25040, ,http://www.museoarcheologico.valcamonicaromana.beniculturali.it/,"Italia, Cividate Camuno (BS) - 25040, Via Roma 29","45.94309519999999,10.2694788",SI
PALAZZO BESTA, Via Besta,Teglio (SO) - 23036, ,http://www.architettonicimilano.lombardia.beniculturali.it,"Italia, Teglio (SO) - 23036,  Via Besta","46.1709498,10.0614432",SI
PARCO ARCHEOLOGICO DEL TEATRO E DELL'ANFITEATRO DI CIVIDATE CAMUNO,Via Tovini,Cividate Camuno (BS) - 25040, ,http://www.archeologica.lombardia.beniculturali.it,"Italia, Cividate Camuno (BS) - 25040, Via Tovini","45.9424656,10.2778746",SI
PARCO ARCHEOLOGICO E ANTIQUARIUM,Via Castelvecchio,Castelseprio (VA) - 21050,Castel Seprio,http://www.archeologica.lombardia.beniculturali.it,"Italia, Castelseprio (VA) - 21050, Via Castelvecchio","45.7205297,8.8586564",SI
PARCO ARCHEOLOGICO NAZIONALE DEI MASSI DI CEMMO,Via Pieve di S. Siro,Capo di Ponte (BS),Frazione Cemmo,http://www.archeologica.lombardia.beniculturali.it,"Italia, Capo di Ponte (BS), Via Pieve di S. Siro","46.0311579,10.3407848",SI
PARCO DELLE INCISIONI RUPESTRI CON RUPE MAGNA DI GROSIO,Via San Faustino - Ca' del Cap - c/o Castelli Visconti Venosta,Grosio (SO) - 23033,Cà del Cap,http://www.parcoincisionigrosio.it/,"Italia, Grosio (SO) - 23033, Via San Faustino - Ca' del Cap - c/o Castelli Visconti Venosta","46.2947971,10.2693139",SI
PARCO NAZIONALE DELLE INCISIONI RUPESTRI,"via Naquane, 2",Capo di Ponte (BS) - 25044, Località Naquane,http://www.parcoincisioni.capodiponte.beniculturali.it/,"Italia, Capo di Ponte (BS) - 25044, via Naquane, 2","46.028927,10.3509235",SI
PINACOTECA DI BRERA,Via Brera,Milano (MI) - 20121, ,http://www.brera.beniculturali.it/,"Italia, Milano (MI) - 20121, Via Brera","45.4710214,9.187608700000002",SI
SANTUARIO DI MINERVA DI BRENO,Località Spinera,Breno (BS) - 25043,Spinera,http://www.archeologica.lombardia.beniculturali.it,"Italia, Breno (BS) - 25043, Località Spinera","45.9546029,10.2848224",SI
VILLA ROMANA DI TOSCOLANO MADERNO,Località Capra,Toscolano-Maderno (BS) - 25088,Capra,http://www.archeologica.lombardia.beniculturali.it,"Italia, Toscolano-Maderno (BS) - 25088, Località Capra","45.636612,10.6046012",SI
VILLA ROMANA E ANTIQUARIUM,Via Crocefisso,Desenzano del Garda (BS) - 25015, ,http://www.archeologica.lombardia.beniculturali.it,"Italia, Desenzano del Garda (BS) - 25015, Via Crocefisso","45.4721892,10.5387453",SI
VILLA ROMANA E ANTIQUARIUM DI PALAZZO PIGNANO,Via Luoghi Vecchi,Palazzo Pignano (CR) - 26020, ,http://www.archeologica.lombardia.beniculturali.it,"Italia, Palazzo Pignano (CR) - 26020, Via Luoghi Vecchi","45.3926672,9.5728476",SI
ANTIQUARIUM STATALE,Via La Fenice,Numana (AN) - 60026,Centro storico,http://www.archeomarche.beniculturali.it/,"Italia, Numana (AN) - 60026, Via La Fenice","43.51247980000001,13.6220098",SI
AREA ARCHEOLOGICA DI FOSSOMBRONE,Via Flaminia,Fossombrone (PU) - 61034,S. Martino del Piano,http://www.archeomarche.beniculturali.it/,"Italia, Fossombrone (PU) - 61034, Via Flaminia","43.6960085,12.8260236","ingresso su richiesta, presso la Soprintendenza e al al Direttore del Museo Civico “A Vernarecci” 0721 714645."
AREA ARCHEOLOGICA DI POTENTIA,Strada Statale 16 Adriatica,Porto Recanati (MC) - 62017,S. Maria,http://www.archeomarche.beniculturali.it/,"Italia, Porto Recanati (MC) - 62017, Strada Statale 16 Adriatica",,ingresso su richiesta presso il Comune tel 071 7599767
AREA ARCHEOLOGICA DI SAN SEVERINO MARCHE,Strada Statale Settempedana,San Severino Marche (MC) - 62027,Santa Maria della Pieve,http://www.archeomarche.beniculturali.it/,"Italia, San Severino Marche (MC) - 62027, Strada Statale Settempedana","43.2232065,13.1107667",ingresso su richiesta tel. 071 5029811 (SBA Marche);  tel. 0733 638414 (Comune di San Severino Marche)
GALLERIA NAZIONALE DELLE MARCHE,Piazza Duca Federico,Urbino (PU) - 61029,Centro storico,http://www.artimarche.beniculturali.it/,"Italia, Urbino (PU) - 61029, Piazza Duca Federico","43.724902,12.636418",SI
LAPIDARIO,Piazza Duca Federico,Urbino (PU) - 61029,Centro storico (Palazzo Ferretti),http://www.archeomarche.beniculturali.it/,"Italia, Urbino (PU) - 61029, Piazza Duca Federico","43.724902,12.636418",SI
MUSEO ARCHEOLOGICO NAZIONALE DELLE MARCHE,Via Ferretti,Ancona (AN) - 60121,Centro storico,http://www.archeomarche.beniculturali.it/,"Italia, Ancona (AN) - 60121, Via Ferretti","43.6231392,13.5109679",SI
MUSEO ARCHEOLOGICO STATALE DI ASCOLI PICENO,Piazza Arringo,Ascoli Piceno (AP) - 63100,Centro storico,http://www.archeomarche.beniculturali.it/,"Italia, Ascoli Piceno (AP) - 63100, Piazza Arringo","42.8538996,13.5764665",SI
MUSEO ARCHEOLOGICO STATALE DI URBISAGLIA,Traversa Piccinini,Urbisaglia (MC) - 62010,Centro,http://www.archeomarche.beniculturali.it/,"Italia, Urbisaglia (MC) - 62010, Traversa Piccinini","43.1968475,13.376915",SI
MUSEO ARCHEOLOGICO STATALE DI CINGOLI MOSCOSI,Piazza Vittorio Emanuele II,Cingoli (MC) - 62011,Centro storico,http://www.archeomarche.beniculturali.it/,"Italia, Cingoli (MC) - 62011, Piazza Vittorio Emanuele II","43.3738553,13.2162461",SI
"MUSEO TATTILE STATALE \""OMERO\","Mole Vanvitelliana, Banchina Giovanni da Chio",Ancona (AN) - 60121,Zona portuale,http://www.museoomero.it,"Italia, Ancona (AN) - 60121, Mole Vanvitelliana, Banchina Giovanni da Chio","43.62094829999999,13.517665",SI
ROCCA DEMANIALE DI GRADARA,Piazza Alberta Porta Natale,Gradara (PU) - 61012,Centro storico,http://www.artimarche.beniculturali.it/,"Italia, Gradara (PU) - 61012, Piazza Alberta Porta Natale","43.9395805,12.7710328",SI
ROCCA ROVERESCA DI SENIGALLIA,Piazza del Duca,Senigallia (AN) - 60019,Centro storico,http://www.sbap-marche.beniculturali.it,"Italia, Senigallia (AN) - 60019, Piazza del Duca","43.7150152,13.2197928",SI
"TEATRO ROMANO DI \""HELVIA RECINA\",Via Teatro Romano,Macerata (MC) - 62100,loc. Villa Potenza,http://www.archeomarche.beniculturali.it/,"Italia, Macerata (MC) - 62100, Via Teatro Romano","43.326972,13.4216659",SI
TEATRO ROMANO DI ANCONA,Via Birarelli,Ancona (AN),Centro storico,http://www.artimarche.beniculturali.it/,"Italia, Ancona (AN), Via Birarelli","43.62273099999999,13.5122752",ingresso su richiesta tel. 071 5029811 (SBA Marche)
AREE ARCHEOLOGICHE DI ARCEVIA,Loc. Conelle e Monte Croce Guardia,Acervia (AN),Loc. Conelle e Monte Croce Guardia,http://www.artimarche.beniculturali.it/,"Italia, Acervia (AN), Loc. Conelle e Monte Croce Guardia",,ingresso su richiesta 0731 9622 - Museo Archeologico Statale
AREA ARCHEOLOGICA DI OSTRA VETERE,SS. 360 Arceviese,Ostra Vetere (AN),Loc. Muracce ,http://www.artimarche.beniculturali.it/,"Italia, Ostra Vetere (AN), SS. 360 Arceviese","43.6033872,13.0615875","Ingresso libero, previa richiesta presso il Comune 071 965053"
"AREA ARCHEOLOGICA \""I PNI\",Loc. I Pini,Sirolo (AN),Loc. I Pini,http://www.artimarche.beniculturali.it/,"Italia, Sirolo (AN), Loc. I Pini","43.5191009,13.6217034",ingresso su richiesta  tel. 071 9331162 (Antiquarium Statale di Numana)
PARCO ARCHEOLOGICO DI CUPRAMARITTIMA,SS16 Adriatica Km 375,Cupramarittima (AP),,http://www.artimarche.beniculturali.it/,"Italia, Cupramarittima (AP), SS16 Adriatica Km 375","43.02349,13.860812",ingresso su richiesta presso il Comune tel. 0735 77671
AREA ARCHEOLOGICA DI MONTE RINALDO,Loc. La Cuma ,Monte Rinaldo (FM),Loc. La Cuma,http://www.artimarche.beniculturali.it/,"Italia, Monte Rinaldo (FM), Loc. La Cuma ","43.0281194,13.579693",ingresso su richiesta presso il Comune tel. 0734777121
PARCO ARCHEOLOGICO DI FOSSOMBRONE,Via Flaminia,Fossombrone (PU),Località S. Martino del Piano,http://www.artimarche.beniculturali.it/,"Italia, Fossombrone (PU), Via Flaminia","43.7212533,12.8882743","ingresso su richiesta, presso la Soprintendenza tel. 071 5029811e al al Direttore del Museo Civico “A Vernarecci” 0721 714645."
ABBAZIA DI SAN VINCENZO AL VOLTURNO, ,Rocchetta a Volturno (IS) - 86070,San Vincenzo al Volturno,http://archeologicamolise.beniculturali.it/index.php?it/184/s-vincenzo-al-volturno-labbazia,"Italia, Rocchetta a Volturno (IS) - 86070,  ","41.6297579,14.0725911",SI
AREA ARCHEOLOGICA DI SEPINO,Località Altilia,Sepino (CB) - 86017,Altilia,http://archeologicamolise.beniculturali.it/index.php?it/185/sepino-la-citt-romana,"Italia, Sepino (CB) - 86017, Località Altilia","41.4324801,14.6176118",SI
CASTELLO DI CAPUA,Largo Castello,Gambatesa (CB) - 86013, ,,"Italia, Gambatesa (CB) - 86013, Largo Castello","41.561617,14.9773571",SI
CASTELLO DI CIVITACAMPOMARANO,Largo Vincenzo Cuoco,Civitacampomarano (CB) - 86030, ,http://www.molise.beniculturali.it/,"Italia, Civitacampomarano (CB) - 86030, Largo Vincenzo Cuoco","41.78061350000001,14.6924595",SI
COMPLESSO MONUMENTALE DI SAN VINCENZO AL VOLTURNO,Via Colle,Castel San Vincenzo (IS) - 86071,Cartiera,http://www.comune.castelsanvincenzo.is.it,"Italia, Castel San Vincenzo (IS) - 86071, Via Colle","41.6548735,14.0594879",SI
COMPLESSO MONUMENTALE DI SANTA MARIA DELLE MONACHE - ISERNIA,Via Marcelli,Isernia (IS) - 35036, ,,"Italia, Isernia (IS) - 35036, Via Marcelli","41.5887837,14.2260872",SI
MUSEO ARCHEOLOGICO DI SEPINO, ,Sepino (CB),Altilia,http://archeologicamolise.beniculturali.it/,"Italia, Sepino (CB),  ","41.4096379,14.6240702",SI
MUSEO NAZIONALE DEL PALEOLITICO D'ISERNIA, ,Isernia (IS) - 86100,La Pineta,,"Italia, Isernia (IS) - 86100,  ","41.56126,14.66052",SI
MUSEO NAZIONALE DI CASTELLO PANDONE,Via Tre Cappelle,Venafro (IS) - 86079, ,http://www.castellopandone.beniculturali.it/,"Italia, Venafro (IS) - 86079, Via Tre Cappelle","41.4819259,14.0402307",SI
PALAZZO PISTILLI,Salita San Bartolomeo,Campobasso (CB), ,,"Italia, Campobasso (CB), Salita San Bartolomeo","41.5621564,14.6579833",SI
SANTUARIO ITALICO,Località Calcatello,Pietrabbondante (IS) - 86085,Calcatello,,"Italia, Pietrabbondante (IS) - 86085, Località Calcatello","41.748413,14.387547",SI
ABBAZIA DI FRUTTUARIA,Piazza Cardinale delle Lanze,San Benigno Canavese (TO) - 10080, ,http://www.piemonte.beniculturali.it/index.php/it/i-luoghi-della-cultura/abbazie/abbazia-di-fruttuaria,"Italia, San Benigno Canavese (TO) - 10080, Piazza Cardinale delle Lanze","45.2226082,7.781825199999999",SI
ABBAZIA DI VEZZOLANO,Strada dell'Abbazia,Albugnano (AT) - 14020, ,http://www.ambienteto.arti.beniculturali.it,"Italia, Albugnano (AT) - 14020, Strada dell'Abbazia","45.0819598,7.9760681",SI
AREA ARCHEOLOGICA DI BENE VAGIENNA,Località Roncaglia,Bene Vagienna (CN) - 12041, ,http://archeo.piemonte.beniculturali.it,"Italia, Bene Vagienna (CN) - 12041, Località Roncaglia","44.5426467,7.8269217",SI
AREE ARCHEOLOGICHE DI SUSA,via degli Archi e via della Consolata,Susa (TO), ,http://archeo.piemonte.beniculturali.it,"Italia, Susa (TO), via degli Archi e via della Consolata","45.135755,7.0422782",SI
ARMERIA REALE,Piazza Castello,Torino (TO) - 10122,,http://www.artito.arti.beniculturali.it,"Italia, Torino (TO) - 10122, Piazza Castello","45.0708468,7.684031699999999",SI
GALLERIA SABAUDA,"Via XX Settembre, 86",Torino (TO) - 10122,,http://www.galleriasabauda.beniculturali.it/,"Italia, Torino (TO) - 10122, Via XX Settembre, 86","45.07433049999999,7.685365",SI
CASTELLO DI RACCONIGI,Via Morosini,Racconigi (CN) - 12035, ,http://www.ilcastellodiracconigi.it,"Italia, Racconigi (CN) - 12035, Via Morosini","44.7688191,7.6767371",SI
CASTELLO DUCALE DI AGLIÈ,Piazza del Castello,Agliè (TO) - 10011, ,http://www.ilcastellodiaglie.it/,"Italia, Agliè (TO) - 10011, Piazza del Castello","45.36229609999999,7.769152399999999",SI
CITTÀ ROMANA - AREA ARCHEOLOGICA DI INDUSTRIA,Corso Industria,Monteu da Po (TO) - 10020, ,,"Italia, Monteu da Po (TO) - 10020, Corso Industria","45.1500539,8.0171808",SI
CITTÀ ROMANA DI LIBARNA,Via Arquata,Serravalle Scrivia (AL) - 15069, ,,"Italia, Serravalle Scrivia (AL) - 15069, Via Arquata","44.7232084,8.857400499999999",SI
FORTE DI GAVI,Via al Forte,Gavi (AL) - 15066, ,http://www.ambienteto.arti.beniculturali.it,"Italia, Gavi (AL) - 15066, Via al Forte","44.69118,8.805401999999999",SI
MUSEO DI ANTICHITÀ,Via 20 Settembre,Torino (TO) - 10122,Torino,http://museoarcheologico.piemonte.beniculturali.it,"Italia, Torino (TO) - 10122, Via 20 Settembre","45.0696286,7.682197",SI
PALAZZO CARIGNANO,VIA ACCADEMIA DELLE SCIENZE,Torino (TO) - 10123, ,http://www.palazzocarignano.it/,"Italia, Torino (TO) - 10123, VIA ACCADEMIA DELLE SCIENZE","45.0691236,7.6851384",SI
PALAZZO REALE DI TORINO,Piazzetta Reale - Piazza Castello,Torino (TO) - 10100, ,http://www.ilpalazzorealeditorino.it/,"Italia, Torino (TO) - 10100, Piazzetta Reale - Piazza Castello","45.070312,7.686856499999999",SI
PARCO DEL CASTELLO DI RACCONIGI,Via Morosini,Racconigi (CN) - 12035, ,http://www.ilcastellodiracconigi.it,"Italia, Racconigi (CN) - 12035, Via Morosini","44.7688191,7.6767371",SI
PARCO E GIARDINO DEL CASTELLO DUCALE DI AGLIÈ,Piazza Castello,Agliè (TO) - 10011, ,http://www.ilcastellodiaglie.it/,"Italia, Agliè (TO) - 10011, Piazza Castello","45.36229609999999,7.769152399999999",SI
VILLA DELLA REGINA,Strada Comunale Santa Margherita,Torino (TO) - 10131, ,http://www.artito.arti.beniculturali.it,"Italia, Torino (TO) - 10131, Strada Comunale Santa Margherita","45.0562489,7.711214099999999",SI
ANTIQUARIUM E ZONA ARCHEOLOGICA DI CANNE DELLA BATTAGLIA, ,Barletta (BT) - 70051,Località Canne della Battaglia,,"Italia, Barletta (BT) - 70051,  ","41.318824,16.287735",SI
"AREA ARCHEOLOGICA  \""S. PIETRO DEGLI SCHIAVONI\",Via Casimiro,Brindisi (BR) - 72100, ,,"Italia, Brindisi (BR) - 72100, Via Casimiro","40.6388231,17.9454582",SI
CASTEL DEL MONTE, ,Andria (BT) - 70031,,http://www.casteldelmonte.beniculturali.it,"Italia, Andria (BT) - 70031,  ","41.2314099,16.3013018",SI
CASTELLO ANGIOINO - COPERTINO,Piazza Castello,Copertino (LE) - 73043, ,http://www.castellodicopertino.beniculturali.it,"Italia, Copertino (LE) - 73043, Piazza Castello","40.2734455,18.0450883",SI
CASTELLO DI TRANI,Piazza Manfredi,Trani (BT) - 76125, ,http://www.castelloditrani.beniculturali.it/,"Italia, Trani (BT) - 76125, Piazza Manfredi","41.2813347,16.416169",SI
CASTELLO SVEVO,P.za Federico II di Svevia,Bari (BA) - 70122, ,,"Italia, Bari (BA) - 70122, P.za Federico II di Svevia","41.1281712,16.8676299",SI
"GALLERIA NAZIONALE DELLA PUGLIA \""GIROLAMO E ROSARIA DEVANNA\",Via Giandonato Rogadeo,Bitonto (BA) - 03029, ,http://www.gallerianazionalepuglia.beniculturali.it,"Italia, Bitonto (BA) - 03029, Via Giandonato Rogadeo","41.106575,16.6906589",SI
MUSEO ARCHEOLOGICO NAZIONALE,via Cavour,Taranto (TA) - 74100, ,http://www.museotaranto.org,"Italia, Taranto (TA) - 74100, via Cavour","40.4726282,17.2385457",SI
MUSEO ARCHEOLOGICO NAZIONALE,Piazza dei Martiri,Gioia del Colle (BA) - 70023, ,http://www.archeopuglia.beniculturali.it/,"Italia, Gioia del Colle (BA) - 70023, Piazza dei Martiri","40.8002552,16.9229026",SI
MUSEO ARCHEOLOGICO NAZIONALE E AREA ARCHEOLOGICA DI EGNAZIA,litoranea Monopoli - Torre Canne,Fasano (BR) - 72015,,http://www.egnaziaonline.it/,"Italia, Fasano (BR) - 72015, litoranea Monopoli - Torre Canne","40.8366588,17.3609347",SI
MUSEO ARCHEOLOGICO NAZIONALE JATTA,Piazza Bovio,Ruvo di Puglia (BA) - 70037, ,,"Italia, Ruvo di Puglia (BA) - 70037, Piazza Bovio","41.1143058,16.4862561",SI
MUSEO NAZIONALE ARCHEOLOGICO,Via Santeramo,Altamura (BA) - 70022, ,http://www.altamura.cchnet.it/,"Italia, Altamura (BA) - 70022, Via Santeramo","40.8276309,16.55989",SI
MUSEO NAZIONALE ARCHEOLOGICO DI MANFREDONIA,Piazzale Ferri,Manfredonia (FG) - 89100, ,,"Italia, Manfredonia (FG) - 89100, Piazzale Ferri","41.6333902,15.8920745",SI
PALAZZO SIMI,strada Lamberti,Bari (BA) - 70122, ,http://www.archeopuglia.beniculturali.it/,"Italia, Bari (BA) - 70122, strada Lamberti","41.1275845,16.8698115",SI
PALAZZO SINESI,Via Kennedy,Canosa di Puglia (BT) - 70053, ,http://www.archeopuglia.beniculturali.it,"Italia, Canosa di Puglia (BT) - 70053, Via Kennedy","41.2212986,16.0674858",SI
PARCO ARCHEOLOGICO DI MONTE SANNACE,"Strada Provinciale 61 - Gioia del Colle - Turi Km 4,5",Gioia del Colle (BA) - 70023, ,,"Italia, Gioia del Colle (BA) - 70023, Strada Provinciale 61 - Gioia del Colle - Turi Km 4,5","40.8328436,16.9585657",SI
PARCO ARCHEOLOGICO DI SIPONTO,Piazza Santa Maria Regina,Foggia (FG) - 71043, ,,"Italia, Foggia (FG) - 71043, Piazza Santa Maria Regina","41.6306666,15.9193471",SI
TORRE SPAGNOLA DI PORTOSCUSO, ,Portoscuso (CI) - 09010,Litoranea Portoscuso,http://www.comune.portoscuso.it,"Italia, Portoscuso (CI) - 09010,  ","39.2066208,8.3791741",SI
ANTIQUARIUM TURRITANO,Via Ponte Romano,Porto Torres (SS) - 07046, ,http://www.archeossnnu.beniculturali.it,"Italia, Porto Torres (SS) - 07046, Via Ponte Romano","40.8372795,8.3986637",SI
"AREA ARCHEOLOGICA \""SU NURAXI\",Viale Su Nuraxi,Barumini (VS) - 09021, ,http://www.archeocaor.beniculturali.it/index.php?it/212/aree-archeologiche/16/area-archeologica-su-,"Italia, Barumini (VS) - 09021, Viale Su Nuraxi","39.7058981,8.9925284",SI (gratuita solo l'area del Villaggio)
AREA ARCHEOLOGICA DI TAMULI, ,Macomer (NU) - 08015,Tamuli - Monte S. Antonio,http://www.esedraescursioni.it,"Italia, Macomer (NU) - 08015,  ","40.2662245,8.777308999999999",SI
AREA ARCHEOLOGICA NURAGHE MANNU, ,Dorgali (NU) - 08022,Dorgali,http://www.ghivine.com,"Italia, Dorgali (NU) - 08022,  ","40.2891321,9.5913234",SI
BASILICA DI SAN SATURNINO,Piazza San Cosimo,Cagliari (CA) - 09100, ,http://www.sbappsaecaor.beniculturali.it,"Italia, Cagliari (CA) - 09100, Piazza San Cosimo","39.21436449999999,9.1222491",SI
CASTEDDU EZZU, ,Cuglieri (OR) -, ,,"Italia, Cuglieri (OR) -,  ","40.18779869999999,8.5652105",SI
CASTELLO DEL GOCEANO,Via Castello,Burgos (SS) - 07010, ,http://www.sareggia.it,"Italia, Burgos (SS) - 07010, Via Castello","40.389363,8.99642",SI
CASTELLO DELLA FAVA, ,Posada (NU) - 08020,Colle di Posada,,"Italia, Posada (NU) - 08020,  ","40.6303604,9.7148918",SI
CASTELLO DI ACQUAFREDDA, ,Siliqua (CA) - 09010,"Su Casteddu, Strada Statale n. 293",http://www.castelloacquafredda .it,"Italia, Siliqua (CA) - 09010,  ","39.3000114,8.811358499999999",SI
CASTELLO DI PEDRES, ,Olbia (OT) - 07026,Agro di Olbia – Strada per Lioiri,http://www.sbappsaessnu.beniculturali.it,"Italia, Olbia (OT) - 07026,  ","40.92357639999999,9.4964429",SI
CHIOSTRO DI SAN DOMENICO,via XXIV Maggio,Cagliari (CA) - 09100, ,http://www.sbappsaecaor.beniculturali.it,"Italia, Cagliari (CA) - 09100, via XXIV Maggio","39.2187015,9.119904700000001",SI
CITTÀ ROMANA E PARCO ARCHEOLOGICO DI TURRIS LIBISONIS,"Via Ponte Romano, n.99",Porto Torres (SS) - 07046, ,http://www.ibiscoop.com,"Italia, Porto Torres (SS) - 07046, Via Ponte Romano, n.99","40.8385006,8.3970203",SI
COMPENDIO GARIBALDINO DI CAPRERA, ,La Maddalena (OT) - 07024,Isola di Caprera,http://www.compendiogaribaldino.it,"Italia, La Maddalena (OT) - 07024,  ","41.22029999999999,9.38944",SI
COMPLESSO ARCHEOLOGICO DI NURAGHE APPIU, ,Villanova Monteleone (SS) - 07019,Monte Cuccu,http://www.laborintus.info,"Italia, Villanova Monteleone (SS) - 07019,  ","40.5006808,8.474357",SI
COMPLESSO ARCHEOLOGICO DI POTTU CODINU, ,Villanova Monteleone (SS) - 07019,Pottu Codinu,http://www.laborintus.info,"Italia, Villanova Monteleone (SS) - 07019,  ","40.5006808,8.474357",SI
COMPLESSO NURAGICO DI SANTU ANTINE, ,Torralba (SS) - 07048,S.S. 131,http://www.nuraghesantuantine.it,"Italia, Torralba (SS) - 07048,  ","40.5150809,8.7616642",SI
FONTE SACRA SU TEMPIESU, ,Orune (NU) - 08020,Sa Costa e Sa Binza,http://www.sutempiesu.it,"Italia, Orune (NU) - 08020,  ","40.412898,9.3665656",SI
FORTEZZA DI MONTE ALTURA, ,Palau (OT) -, ,http://www.palau.it,"Italia, Palau (OT) -,  ","41.1823684,9.3810866",SI
FORTEZZA VECCHIA, ,Villasimius (CA) -,Porto turistico,http://www.villasimiusweb.com,"Italia, Villasimius (CA) -,  ","39.1457764,9.5169899",SI
IPOGEO DI SAN SALVATORE, ,Cabras (OR) - 09072,Villaggio di San Salvatore,,"Italia, Cabras (OR) - 09072,  ","39.9290726,8.5305514",SI su prenotazione)
MUSEO ARCHEOLOGICO NAZIONALE,Piazza Arsenale,Cagliari (CA) - 09100, ,http://www.archeocaor.beniculturali.it,"Italia, Cagliari (CA) - 09100, Piazza Arsenale","39.2216977,9.1166828",SI
MUSEO ARCHEOLOGICO NAZIONALE G. ASPRONI,Via Manno,Nuoro (NU) - 08100, ,http://www.museoarcheologiconuoro.beniculturali.it/,"Italia, Nuoro (NU) - 08100, Via Manno","40.32024210000001,9.3264377",SI
"MUSEO NAZIONALE ARCHEOLOGICO - ETNOGRAFICO \""GIOVANNI ANTONIO SANNA\",Via Roma,Sassari (SS) - 07100, ,http://www.museosannasassari.beniculturali.it/,"Italia, Sassari (SS) - 07100, Via Roma","40.7218498,8.5675119",SI
NECROPOLI DI LI MURI, ,Arzachena (OT) - 07021,S.S.427,,"Italia, Arzachena (OT) - 07021,  ","41.0780118,9.3901541",SI
NURAGHE ALBUCCIU, ,Arzachena (OT) - 07021,S.S. 125,http://www.anemos-arzachena.it,"Italia, Arzachena (OT) - 07021,  ","41.0780118,9.3901541",SI
NURAGHE ARRUBIU, ,Orroli (CA) - 08030,Pedru Accraxiu,,"Italia, Orroli (CA) - 08030,  ","39.6938053,9.2525876",SI
NURAGHE E VILLAGGIO NURAGICO LA PRISGIONA, ,Arzachena (OT) - 07021,Capichera,prisgiona.beepworld.it/,"Italia, Arzachena (OT) - 07021,  ","41.0780118,9.3901541",SI
NURAGHE IS PARAS, ,Isili (CA) - 08033,S.S. 128,,"Italia, Isili (CA) - 08033,  ","39.7421871,9.1058135",SI
NURAGHE MAJORI, ,Tempio Pausania (OT) - 07029,Nuraghe Majori,http://www.gallurarcheologica.com,"Italia, Tempio Pausania (OT) - 07029,  ","40.9031356,9.104066999999999",SI
PINACOTECA MUS'A AL CANOPOLENO,Via Santa Caterina,Sassari (SS) - 07100,Sassari,http://www.pinacotecamusa.it,"Italia, Sassari (SS) - 07100, Via Santa Caterina","40.7270586,8.5593192",SI
PINACOTECA NAZIONALE,Piazza Arsenale,Cagliari (CA) - 09100,Cagliari,http://www.pinacoteca.cagliari.beniculturali.it,"Italia, Cagliari (CA) - 09100, Piazza Arsenale","39.2216977,9.1166828",SI
ROMANZESU,ss 389,Bitti (NU) - 08021, ,http://www.coopistelai.com,"Italia, Bitti (NU) - 08021, ss 389","40.481321,9.3887474",SI
SANTUARIO FEDERALE NURAGICO DI SANTA VITTORIA, ,Serri (CA) - 08030,Giara di Serri,,"Italia, Serri (CA) - 08030,  ","39.7033185,9.1458847",SI
SPAZIO SAN PANCRAZIO,"Cittadella dei Musei - Piazza Arsenale, 1",Cagliari (CA) -, ,http://www.sbappsaecaor.beniculturali.it,"Italia, Cagliari (CA) -, Cittadella dei Musei - Piazza Arsenale, 1","39.2224944,9.1169076",SI
TEMPIETTO MALCHITTU, ,Arzachena (OT) - 07021,S.S.125,http://www.anemos-arzachena.it,"Italia, Arzachena (OT) - 07021,  ","41.0780118,9.3901541",SI
TISCALI, ,Dorgali (NU) - 08022,S.S. 125,http://www.ghivine.com,"Italia, Dorgali (NU) - 08022,  ","40.2891321,9.5913234",SI
TOMBA DEI GIGANTI DI CODDU VECCHIU, ,Arzachena (OT) - 07021,Capichera,,"Italia, Arzachena (OT) - 07021,  ","41.0780118,9.3901541",SI
TOMBA DEI GIGANTI LI LOLGHI, ,Arzachena (OT) - 07021,S.S. 427,,"Italia, Arzachena (OT) - 07021,  ","41.0780118,9.3901541",SI
TOMBA DI GIGANTI MORU, ,Arzachena (OT) - 07021,S.S. 125,http://www.anemos-arzachena.it,"Italia, Arzachena (OT) - 07021,  ","41.0780118,9.3901541",SI
TORRE DELL'ELEFANTE,Piazza San Giuseppe,Cagliari (CA) - 09100, ,http://www.camuweb.it,"Italia, Cagliari (CA) - 09100, Piazza San Giuseppe","39.2180666,9.1152366",SI
TORRE DI SAN PANCRAZIO,Piazza Indipendenza,Cagliari (CA) - 09100, ,http://www.camuweb.it,"Italia, Cagliari (CA) - 09100, Piazza Indipendenza","39.22144189999999,9.1166895",SI
VILLAGGIO NURAGICO SERRA ORRIOS,loc. Serra Orrios,Dorgali (NU) - 08022, ,http://www.ghivine.com/,"Italia, Dorgali (NU) - 08022, loc. Serra Orrios","40.2891321,9.5913234",SI
ALTARE DI MONTE D’ACCODDI,"Strada Statale 131 - Km 222,200",Sassari (SS) - 07100, ,http://www.comune.sassari.it/,"Italia, Sassari (SS) - 07100, Strada Statale 131 - Km 222,200","40.7834405,8.4716822",SI
MUSEO ARCHEOLOGICO NAZIONALE DI COSA,via delle Ginestre,Orbetello (GR) - 58015,Ansedonia,http://www.archeotoscana.beniculturali.it/index.php?it/242/ansedonia-citt-di-cosa,"Italia, Orbetello (GR) - 58015, via delle Ginestre","42.4118404,11.2841408",SI
ANTIQUARIUM NAZIONALE DI SESTINO,Via Marche,Sestino (AR), ,,"Italia, Sestino (AR), Via Marche","43.7076205,12.2952085",SI
AREA ARCHEOLOGICA DEL SODO E TOMBA DI CAMUCIA, ,Cortona (AR) - 52044,Sodo - Camucia,http://www.cortonaweb.net/it/storia/23-tombe-etrusche-cortona,"Italia, Cortona (AR) - 52044,  ","43.27506340000001,11.98512",SI
AREA ARCHEOLOGICA DI ROSELLE,Via dei Ruderi,Grosseto (GR) - 58040,Roselle,http://www.comune.firenze.it/soggetti/sat/,"Italia, Grosseto (GR) - 58040, Via dei Ruderi","42.8349479,11.1571621",SI
AREA ARCHEOLOGICA DI VETULONIA,Vie Case di Siena,Castiglione della Pescaia (GR) - 58043,Vetulonia,http://www.gol.grosseto.it/puam/comgr/stor/archeo2/vetulon.htm,"Italia, Castiglione della Pescaia (GR) - 58043, Vie Case di Siena","42.8593375,10.9696795",SI
BASILICA DI SAN FRANCESCO - CAPPELLA BACCI,Via di San Francesco,Arezzo (AR) - 52100, ,http://www.pierodellafrancesca.it,"Italia, Arezzo (AR) - 52100, Via di San Francesco","43.4645442,11.8811481",SI
MUSEO NAZIONALE DEL BARGELLO,"Via del proconsolo, 4",Firenze (FI) - 50135, ,http://www.polomuseale.firenze.it/musei/?m=bargello,"Italia, Firenze (FI) - 50135, Via del proconsolo, 4","43.7705533,11.2579408",SI
CENACOLO DI ANDREA DEL SARTO,Via di San Salvi,Firenze (FI) - 50135, ,http://www.polomuseale.firenze.it/musei/?m=andreasarto,"Italia, Firenze (FI) - 50135, Via di San Salvi","43.7706743,11.2853314",SI
EREMO DI SAN LEONARDO AL LAGO,Santa Colomba,Monteriggioni (SI) -,S. Leonardo al Lago,http://www.sbap-si.beniculturali.it/,"Italia, Monteriggioni (SI) -, Santa Colomba","43.3264327,11.2281168",SI
EX CHIESA DEL TAU,Corso Silvano Fedi,Pistoia (PT) - 51100, ,http://www.sbap-fi.beniculturali.it/index.php?it/150/ex-chiesa-del-tau,"Italia, Pistoia (PT) - 51100, Corso Silvano Fedi","43.9307117,10.9175259",SI
FORTEZZA DI S. BARBARA,Piazza della Resistenza,Pistoia (PT) - 51100, ,http://www.ambientefi.arti.beniculturali.it,"Italia, Pistoia (PT) - 51100, Piazza della Resistenza","43.9300763,10.9208795",SI
GABINETTO DISEGNI E STAMPE DEGLI UFFIZI,"Via Della Ninna, 5",Firenze (FI) - 04015, ,http://www.polomuseale.firenze.it/musei/disegni/,"Italia, Firenze (FI) - 04015, Via Della Ninna, 5","43.7689616,11.2564535",SI
GALLERIA D'ARTE MODERNA,Piazza Pitti,Firenze (FI) - 50125,Palazzo Pitti,http://www.polomuseale.firenze.it/musei/?m=artemoderna,"Italia, Firenze (FI) - 50125, Piazza Pitti","43.7658485,11.2497504",SI
GALLERIA DEGLI UFFIZI,Piazzale degli Uffizi,Firenze (FI) - 50122, ,http://www.polomuseale.firenze.it/musei/?m=uffizi,"Italia, Firenze (FI) - 50122, Piazzale degli Uffizi","43.7685179,11.2555395",SI
GALLERIA DEL COSTUME DI PALAZZO PITTI,Piazza Pitti,Firenze (FI) - 50125, ,http://www.polomuseale.firenze.it/musei/?m=costume,"Italia, Firenze (FI) - 50125, Piazza Pitti","43.7658485,11.2497504",SI
GALLERIA DELL'ACCADEMIA,Via Ricasoli,Firenze (FI) - 50122, ,http://www.polomuseale.firenze.it/musei/?m=accademia,"Italia, Firenze (FI) - 50122, Via Ricasoli","43.775827,11.2566021",SI
GALLERIA PALATINA E APPARTAMENTI REALI,Piazza Pitti,Firenze (FI) - 50125, ,http://www.polomuseale.firenze.it/musei/?m=palatina,"Italia, Firenze (FI) - 50125, Piazza Pitti","43.7658485,11.2497504",SI
GIARDINO DELLA VILLA MEDICEA DI CASTELLO,Via di Castello,Firenze (FI) - 50141, ,http://www.polomuseale.firenze.it/musei/?m=villacastello,"Italia, Firenze (FI) - 50141, Via di Castello","43.82065859999999,11.2263469",SI
GIARDINO DELLE SCUDERIE REALI E PAGLIERE,Piazzale di Porta Romana,Firenze (FI) - 50125, ,http://www.sbap-fi.beniculturali.it/index.php?it/477/giardino-delle-scuderie-reali-e-pagliere,"Italia, Firenze (FI) - 50125, Piazzale di Porta Romana","43.7605152,11.2422002",SI
GIARDINO DELLE SCUDERIE REALI E PAGLIERE,Viale Macchiavelli,Firenze (FI) - 50125, ,http://www.sbap-fi.beniculturali.it/index.php?it/477/giardino-delle-scuderie-reali-e-pagliere,"Italia, Firenze (FI) - 50125, Viale Macchiavelli","43.7583478,11.2507585",SI
GIARDINO DI BOBOLI,Piazza Pitti,Firenze (FI) - 50125, ,http://www.polomuseale.firenze.it/musei/?m=boboli,"Italia, Firenze (FI) - 50125, Piazza Pitti","43.7657502,11.2493871",SI
MUSEO ARCHEOLOGICO DI SIENA,Piazza Duomo - Spedale di S. Maria della Scala,Siena (SI) - 53100, ,,"Italia, Siena (SI) - 53100, Piazza Duomo - Spedale di S. Maria della Scala","43.3172286,11.3283474",SI
MUSEO ARCHEOLOGICO NAZIONALE,S.S. Annunziata,Firenze (FI) - 50121, ,http://www.archeotoscana.beniculturali.it/index.php?it/146/firenze-museo-archeologico-nazionale,"Italia, Firenze (FI) - 50121, S.S. Annunziata","43.7781249,11.2600399",SI
MUSEO ARCHEOLOGICO NAZIONALE,Via della Pergola,Firenze (FI) - 50121, ,http://www.archeotoscana.beniculturali.it/index.php?it/146/firenze-museo-archeologico-nazionale,"Italia, Firenze (FI) - 50121, Via della Pergola","43.7741283,11.2620262",SI
"MUSEO ARCHEOLOGICO NAZIONALE \""GAIO CILNIO MECENATE\",Via Margaritone,Arezzo (AR) - 52100, ,http://www.archeotoscana.beniculturali.it,"Italia, Arezzo (AR) - 52100, Via Margaritone","43.4613776,11.8800467",SI
MUSEO ARCHEOLOGICO NAZIONALE DI CHIUSI,Via Porsenna,Chiusi (SI) - 53043, ,,"Italia, Chiusi (SI) - 53043, Via Porsenna","43.0159986,11.9472566",SI
MUSEO DEGLI ARGENTI,Piazza Pitti,Firenze (FI) - 50125, ,http://www.polomuseale.firenze.it/musei/?m=argenti,"Italia, Firenze (FI) - 50125, Piazza Pitti","43.7658485,11.2497504",SI
MUSEO DELLE CAPPELLE MEDICEE,Madonna Aldobrandini,Firenze (FI) -, ,http://www.polomuseale.firenze.it/musei/?m=cappellemedicee,"Italia, Firenze (FI) -, Madonna Aldobrandini","43.7749038,11.2538181",SI
MUSEO DELLE PORCELLANE,Piazza Pitti,Firenze (FI) - 50125, ,http://www.polomuseale.firenze.it/musei/?m=porcellane,"Italia, Firenze (FI) - 50125, Piazza Pitti","43.7658485,11.2497504",SI
MUSEO DELLA CASA FIORENTINA ANTICA DI PALAZZO DAVANZATI,"Via Porta Rossa, 13",Firenze (FI) - 50122, ,http://www.polomuseale.firenze.it/musei/?m=davanzati,"Italia, Firenze (FI) - 50122, Via Porta Rossa, 13","43.7701876,11.2531312",SI
MUSEO DI CASA MARTELLI,Via F. Zannetti,Firenze (FI) - 50122, ,http://www.polomuseale.firenze.it,"Italia, Firenze (FI) - 50122, Via F. Zannetti","43.773656,11.2536967",SI
MUSEO DI CASA VASARI,Via XX settembre,Arezzo (AR) - 52100, ,http://www.sbappsae-ar.beniculturali.it/,"Italia, Arezzo (AR) - 52100, Via XX settembre","43.4685612,11.8797446",SI
MUSEO EGIZIO,"Via della Colonna, 38 (presso il Museo Archeologico)",Firenze (FI) - 00040, ,http://www.archeotoscana.beniculturali.it/index.php?it/148/firenze-museo-egizio,"Italia, Firenze (FI) - 00040, Via della Colonna, 38 (presso il Museo Archeologico)","43.7710332,11.2480006",SI
MUSEO NAZIONALE D'ARTE MEDIEVALE E MODERNA,San Lorentino,Arezzo (AR) - 52100, ,http://www.sbappsae-ar.beniculturali.it/,"Italia, Arezzo (AR) - 52100, San Lorentino","43.4681059,11.8769648",SI
MUSEO NAZIONALE DELLA CERTOSA MONUMENTALE DI CALCI,Via Roma,Calci (PI) - 56011, ,http://www.sbappsae-pi.beniculturali.it/,"Italia, Calci (PI) - 56011, Via Roma","43.7234371,10.5188608",SI
MUSEO NAZIONALE DELLE RESIDENZE NAPOLEONICHE PALAZZINA DEI MULINI,Piazzale Napoleone,Portoferraio (LI) - 57037, ,http://www.sbappsae-pi.beniculturali.it/,"Italia, Portoferraio (LI) - 57037, Piazzale Napoleone","42.8160721,10.3318393",SI
MUSEO NAZIONALE DELLE RESIDENZE NAPOLEONICHE VILLA SAN MARTINO, ,Portoferraio (LI) - 57037,San Martino,http://www.sbappsae-pi.beniculturali.it,"Italia, Portoferraio (LI) - 57037,  ","42.8108565,10.3211801",SI
MUSEO NAZIONALE DI CASA GIUSTI,Via Vincenzo Martini,Monsummano Terme (PT) - 51015, ,http://www.ambientefi.arti.beniculturali.it,"Italia, Monsummano Terme (PT) - 51015, Via Vincenzo Martini","43.8746459,10.8068958",SI
MUSEO NAZIONALE DI SAN MATTEO,San Matteo in Soarta,Pisa (PI) - 56127, ,http://www.sbappsae-pi.beniculturali.it/,"Italia, Pisa (PI) - 56127, San Matteo in Soarta","43.71460039999999,10.4074404",SI
MUSEO STATALE DI PALAZZO TAGLIESCHI,Piazza Mameli,Anghiari (AR) - 52031, ,http://www.sbappsae-ar.beniculturali.it/,"Italia, Anghiari (AR) - 52031, Piazza Mameli","43.540118,12.0521585",SI
NECROPOLI DI POGGIO RENZO,Via della Pellegrina,Chiusi (SI) - 53043,Poggio Renzo,http://www.archeotoscana.beniculturali.it,"Italia, Chiusi (SI) - 53043, Via della Pellegrina","43.0155186,11.9447749",SI
ORATORIO DI SAN DESIDERIO,Laudesi,Pistoia (PT) - 51100, ,http://www.ambientefi.arti.beniculturali.it,"Italia, Pistoia (PT) - 51100, Laudesi","43.9318563,10.9216933",SI
PARCO DI VILLA IL VENTAGLIO,Via G. Aldini,Firenze (FI) - 50131, ,http://www.sbap-fi.beniculturali.it/index.php?it/146/parco-di-villa-il-ventaglio,"Italia, Firenze (FI) - 50131, Via G. Aldini","43.7856379,11.2788559",SI
PINACOTECA NAZIONALE DI SIENA,Via San Pietro,Siena (SI) - 53100, ,http://pinacotecanazionale.siena.it/,"Italia, Siena (SI) - 53100, Via San Pietro","43.3155724,11.3304828",SI
TOMBA DELLA SCIMMIA, ,Chiusi (SI) - 53035,Santa Colomba - Monteriggioni,,"Italia, Chiusi (SI) - 53035,  ","43.0158745,11.9467415",SI
VILLA BRANDI A VIGNANO,strada di Busseto,Siena (SI), ,http://www.spsae-si.beniculturali.it/index.php?it/200/villa-brandi-a-vignano,"Italia, Siena (SI), strada di Busseto","43.3211258,11.3503239",SI
VILLA MEDICEA DELLA PETRAIA,Via della Petraia,Firenze (FI) - 50141,Castello,http://www.polomuseale.firenze.it/musei/?m=petraia,"Italia, Firenze (FI) - 50141, Via della Petraia","43.8146642,11.2305448",SI
VILLA MEDICEA DI CERRETO GUIDI E MUSEO STORICO DELLA CACCIA E DEL TERRITORIO,Via Ponti Medicei,Cerreto Guidi (FI) - 50050, ,http://www.polomuseale.firenze.it/musei/?m=cerretoguidi,"Italia, Cerreto Guidi (FI) - 50050, Via Ponti Medicei","43.758992,10.878987",SI
VILLA MEDICEA DI POGGIO A CAIANO,Piazza dei Medici,Poggio a Caiano (PO) - 59016, ,http://www.polomuseale.firenze.it/musei/?m=poggiocaiano,"Italia, Poggio a Caiano (PO) - 59016, Piazza dei Medici","43.8148481,11.0532948",SI
VILLA PANDOLFINI CARDUCCI,Via Guardiavia,Firenze (FI) - 50143,Soffiano,http://www.sbap-fi.beniculturali.it/index.php?it/478/complesso-monumentale-di-villa-carducci-,"Italia, Firenze (FI) - 50143, Via Guardiavia","43.76280620000001,11.2126958",SI
ZONA ARCHELOGICA DI COMEANA - TOMBA ETRUSCA DI MONTEFORTINI,Via di Montefortini,Carmignano (PO) - 59015,Comeana,,"Italia, Carmignano (PO) - 59015, Via di Montefortini","43.8143184,11.0194817",SI
CASTELLO BUFALINI,Via Largo Cruciani,San Giustino (PG) - 06016, ,http://www.castellobufalini.beniculturali.it/,"Italia, San Giustino (PG) - 06016, Via Largo Cruciani","43.5517952,12.1724518",SI
GALLERIA NAZIONALE DELL'UMBRIA,Corso Pietro Vannucci,Perugia (PG) - 06121, ,http://www.gallerianazionaleumbria.it,"Italia, Perugia (PG) - 06121, Corso Pietro Vannucci","43.1103887,12.3884011",SI
IPOGEO DEI VOLUMNI E NECROPOLI DEL PALAZZONE,Via Assisana - Ponte San Giovanni,Perugia (PG) - 06121, ,http://www.archeopg.arti.beniculturali.it,"Italia, Perugia (PG) - 06121, Via Assisana - Ponte San Giovanni","43.09298709999999,12.4136187",SI
MUSEO ARCHEOLOGICO NAZIONALE DELL'UMBRIA,Piazza Giordano Bruno,Perugia (PG) - 06121, ,http://www.archeopg.arti.beniculturali.it/,"Italia, Perugia (PG) - 06121, Piazza Giordano Bruno","43.1068526,12.3912735",SI
MUSEO ARCHEOLOGICO STATALE E TEATRO ROMANO DI SPOLETO,Via Sant'Agata,Spoleto (PG) - 06049, ,http://www.archeopg.arti.beniculturali.it/,"Italia, Spoleto (PG) - 06049, Via Sant'Agata","42.7305146,12.7344664",SI
MUSEO NAZIONALE DEL DUCATO DI SPOLETO,Piazza Campello,Spoleto (PG) - 06049, ,,"Italia, Spoleto (PG) - 06049, Piazza Campello","42.7340019,12.738882",SI
MUSEO STATALE ARCHEOLOGICO DI ORVIETO,Piazza Duomo,Orvieto (TR) - 05018, ,http://www.archeopg.arti.beniculturali.it,"Italia, Orvieto (TR) - 05018, Piazza Duomo","42.7168056,12.1129861",SI
"NECROPOLI ETRUSCA \""CROCIFISSO DEL TUFO\",Str. Statale 71 - Km 1.6,Orvieto (TR) - 05018,Le Conce,http://www.archeopg.arti.beniculturali.it/canale.asp?id=493,"Italia, Orvieto (TR) - 05018, Str. Statale 71 - Km 1.6","42.7185068,12.1107446",SI
PALAZZO DUCALE,Via della Cattedrale,Gubbio (PG) - 06024, ,,"Italia, Gubbio (PG) - 06024, Via della Cattedrale","43.35451949999999,12.5779698",SI
TEATRO ROMANO,Via del Teatro Romano,Gubbio (PG) - 06024, ,http://www.archeopg.arti.beniculturali.it,"Italia, Gubbio (PG) - 06024, Via del Teatro Romano","43.3532213,12.5740903",SI
TEMPIETTO SUL CLITUNNO,Via del Tempio,Campello sul Clitunno (PG) - 06042, ,,"Italia, Campello sul Clitunno (PG) - 06042, Via del Tempio","42.8391999,12.758968",SI
AREA ARCHEOLOGICA DI FELTRE,Via Tiziano Vecellio,Feltre (BL) - 32032, ,,"Italia, Feltre (BL) - 32032, Via Tiziano Vecellio","45.9886106,11.8433454",SI
BASILICA PALEOCRISTIANA DI CONCORDIA SAGITTARIA,Piazza della Cattedrale,Concordia Sagittaria (VE) - 30023, ,,"Italia, Concordia Sagittaria (VE) - 30023, Piazza della Cattedrale","45.7572285,12.842294",SI
"GALLERIA \""GIORGIO FRANCHETTI\"" ALLA CA' D'ORO",Sestiere di Cannaregio,Venezia (VE) - 30131,Cannaregio,http://www.polomuseale.venezia.beniculturali.it/index.php?it/4/galleria-giorgio-franchetti-alla-ca-doro,"Italia, Venezia (VE) - 30131, Sestiere di Cannaregio","45.44592,12.32051",SI
GALLERIE DELL'ACCADEMIA,Dorsoduro,Venezia (VE) - 30123, ,http://www.polomuseale.venezia.beniculturali.it/,"Italia, Venezia (VE) - 30123, Dorsoduro","45.4308122,12.3339837",SI
MUSEO ARCHEOLOGICO DI QUARTO D'ALTINO,Via S. Eliodoro,Quarto d'Altino (VE) - 30020, ,,"Italia, Quarto d'Altino (VE) - 30020, Via S. Eliodoro","45.54499300000001,12.3987447",SI
MUSEO ARCHEOLOGICO DI VENEZIA,Piazzetta S. Marco,Venezia (VE) - 30100, ,,"Italia, Venezia (VE) - 30100, Piazzetta S. Marco","45.48925,12.25246",SI
MUSEO ARCHEOLOGICO NAZIONALE (BARCHESSA DI VILLA BADOER),Via Giovanni Tasso,Fratta Polesine (RO) - 45025, ,http://www.archeopd.benicuturali.it,"Italia, Fratta Polesine (RO) - 45025, Via Giovanni Tasso","45.0343159,11.6410358",SI
MUSEO ARCHEOLOGICO NAZIONALE CONCORDIESE,Via Seminario,Portogruaro (VE) - 30026, ,,"Italia, Portogruaro (VE) - 30026, Via Seminario","45.7755604,12.8354327",SI
MUSEO ARCHEOLOGICO NAZIONALE DI ADRIA,Via Badini,Adria (RO) - 45011, ,,"Italia, Adria (RO) - 45011, Via Badini","45.0529537,12.0545658",SI
VILLA DEL BENE,"Via Villa del Bene, 2",Dolcè (VR) - 37020, ,http://www.sbap-vr.beniculturali.it,"Italia, Dolcè (VR) - 37020, Via Villa del Bene, 2","45.5447392,10.8197915",SI
MUSEO D'ARTE ORIENTALE,Santa Croce,Venezia (VE) - 30100, ,,"Italia, Venezia (VE) - 30100, Santa Croce","45.4381861,12.3180088",SI
MUSEO DI PALAZZO GRIMANI,"Ramo Grimani, Castello 4858",Venezia (VE) - 30122, ,http://www.palazzogrimani.org/,"Italia, Venezia (VE) - 30122, Ramo Grimani, Castello 4858","45.4402677,12.3542103",SI
MUSEO NAZIONALE ATESTINO,Via Guido Negri,Este (PD) - 35042, ,http://www.atestino.beniculturali.it/,"Italia, Este (PD) - 35042, Via Guido Negri","45.2294092,11.6558012",SI
MUSEO NAZIONALE DI VILLA PISANI,Via Doge Pisani,Stra (VE) - 30039, ,http://www.villapisani.beniculturali.it,"Italia, Stra (VE) - 30039, Via Doge Pisani","45.4077463,12.0093022",SI
